provider_state,provider_city,market,records,providers,service_families,services,estimated_payment,median_charge_to_allowed_ratio,top_priority_records
IL,CHICAGO,"CHICAGO, IL",16909,7961,6,1992025,142210007.48001286,2.484183047674153,1331
IN,INDIANAPOLIS,"INDIANAPOLIS, IN",8477,3682,6,984193,63639006.95001586,1.9457795941354543,534
IN,FORT WAYNE,"FORT WAYNE, IN",3459,1557,6,383824,24492752.38000749,1.9481132075767065,234
IN,EVANSVILLE,"EVANSVILLE, IN",1930,871,6,357457,21759197.429997437,2.223485342591995,271
IL,SPRINGFIELD,"SPRINGFIELD, IL",2449,1027,6,322346,22068221.019990202,3.7194072039589927,249
IL,PEORIA,"PEORIA, IL",2153,948,6,316994,20959034.400002234,2.7640779677675225,195
IL,NAPERVILLE,"NAPERVILLE, IL",1899,763,6,282776,19822036.219995905,2.084957776894774,176
IL,ROCKFORD,"ROCKFORD, IL",1762,762,6,236088,13749594.899994927,2.55808195105614,114
IL,ARLINGTON HEIGHTS,"ARLINGTON HEIGHTS, IL",1195,440,6,234817,15995755.71001443,2.0341847804570388,145
IN,MUNSTER,"MUNSTER, IN",1156,402,6,208197,13123893.729999915,2.2903858468484484,177
IL,OAK LAWN,"OAK LAWN, IL",1244,609,6,205850,13340689.929994918,2.2362679603224604,138
IL,GLENVIEW,"GLENVIEW, IL",1029,380,6,198019,11996200.029995205,1.9534238192153626,97
IN,CARMEL,"CARMEL, IN",1537,598,6,197413,11675183.41000299,1.9220208676551345,128
IL,PARK RIDGE,"PARK RIDGE, IL",1211,489,6,192458,13940586.94998728,2.1756690314047047,138
IL,ELGIN,"ELGIN, IL",971,380,6,191805,13314139.459999118,2.129970311035787,134
IL,JOLIET,"JOLIET, IL",951,370,6,189864,13375374.519992623,2.023681944000993,124
IN,LAFAYETTE,"LAFAYETTE, IN",1248,533,6,186111,12351599.990002068,1.912017817638013,124
IN,SOUTH BEND,"SOUTH BEND, IN",1163,498,6,181846,9834114.499997212,2.3010841165371048,133
IL,SKOKIE,"SKOKIE, IL",1156,384,6,171866,11289829.610009223,1.8921846665181965,76
IN,TERRE HAUTE,"TERRE HAUTE, IN",805,323,6,169190,10608888.089996204,1.8872313088465145,123
IL,EVANSTON,"EVANSTON, IL",1235,554,6,165500,12085140.239988808,1.9653048112247828,81
IL,ORLAND PARK,"ORLAND PARK, IL",851,332,6,160479,10348185.739998419,2.0806400468360957,114
IN,BLOOMINGTON,"BLOOMINGTON, IN",1094,484,6,160085,9764294.249998773,1.8659360899871535,75
IL,AURORA,"AURORA, IL",1122,466,6,159421,10426501.48000081,2.17128902300701,82
IL,MAYWOOD,"MAYWOOD, IL",1557,567,6,145796,10769527.000004202,4.156957188317836,108
IL,QUINCY,"QUINCY, IL",632,270,6,143615,7704972.600002198,2.3755912748804047,84
IN,GREENWOOD,"GREENWOOD, IN",954,385,6,140389,8381127.120000659,1.9893436338597064,87
IL,LIBERTYVILLE,"LIBERTYVILLE, IL",712,260,6,139744,9239220.700001583,2.2236424231738714,98
IL,ELMHURST,"ELMHURST, IL",872,336,6,137567,10458869.370005213,2.144974218603007,106
IL,SCHAUMBURG,"SCHAUMBURG, IL",575,241,6,136737,7341240.300007419,2.1595316903063475,74
IL,HINSDALE,"HINSDALE, IL",852,308,6,132834,9843883.599995144,2.575603377121089,113
IL,MOLINE,"MOLINE, IL",568,224,6,129999,7113634.649994536,2.2841211472462013,77
IN,MUNCIE,"MUNCIE, IN",865,348,6,129616,8421326.740005959,1.8220151917719514,82
IL,ELK GROVE VILLAGE,"ELK GROVE VILLAGE, IL",643,228,6,128972,9782231.379999954,2.046819233620175,101
IN,MERRILLVILLE,"MERRILLVILLE, IN",597,212,6,127455,8061141.7499987995,1.930291762320505,110
IL,BLOOMINGTON,"BLOOMINGTON, IL",687,283,6,126398,7062058.179993331,2.6093054355093854,68
IL,DECATUR,"DECATUR, IL",661,262,6,125554,8247197.769998526,2.6394154436287147,87
IN,VALPARAISO,"VALPARAISO, IN",525,209,6,119599,6950777.309993077,2.290076335877863,97
IN,NEW ALBANY,"NEW ALBANY, IN",640,243,6,112563,7229041.870002159,2.0538864749091283,88
IN,CROWN POINT,"CROWN POINT, IN",560,233,6,110728,6291574.609995128,2.1662052143009562,81
IN,NEWBURGH,"NEWBURGH, IN",716,267,6,108696,7092353.569999728,2.1876456961076407,73
IN,KOKOMO,"KOKOMO, IN",563,236,6,106126,6217006.979999053,1.7307080515127369,65
IL,CHAMPAIGN,"CHAMPAIGN, IL",802,305,6,102680,6205732.280003103,2.5291362836739344,65
IL,GENEVA,"GENEVA, IL",573,221,6,102123,6820405.490014243,1.8798051824683906,63
IN,RICHMOND,"RICHMOND, IN",611,246,6,101038,6974174.170001215,3.102704362357479,93
IL,PALOS HEIGHTS,"PALOS HEIGHTS, IL",493,215,6,100208,6754824.590002141,2.1062420129867068,64
IN,ELKHART,"ELKHART, IN",544,218,6,99819,6262277.730001652,2.3017320940001174,86
IL,WHEATON,"WHEATON, IL",554,214,6,98599,7148027.5900052525,1.6893148981110304,56
IL,WINFIELD,"WINFIELD, IL",725,287,6,98032,8128226.839994902,2.055909500318137,55
IL,HOFFMAN ESTATES,"HOFFMAN ESTATES, IL",476,192,6,93356,5593225.350000326,1.9657680177665426,53
IL,DOWNERS GROVE,"DOWNERS GROVE, IL",587,255,6,90115,6038777.450000422,2.155518267111996,60
IL,GURNEE,"GURNEE, IL",485,179,6,90093,5396651.9800007045,2.16175084524458,57
IN,JEFFERSONVILLE,"JEFFERSONVILLE, IN",476,183,6,87471,5826651.520005491,2.0725997002673937,66
IN,MISHAWAKA,"MISHAWAKA, IN",499,197,6,86281,5505263.789997965,2.336063321057549,85
IN,COLUMBUS,"COLUMBUS, IN",663,253,6,85803,5360735.649998457,2.3913515648139003,62
IL,URBANA,"URBANA, IL",911,419,6,85732,5926330.210003888,2.994228196900039,57
IL,NEW LENOX,"NEW LENOX, IL",368,133,6,85706,5658789.279997742,2.168830966836243,54
IL,MCHENRY,"MCHENRY, IL",454,215,6,83122,5481827.520003428,2.601526619239237,47
IL,BELLEVILLE,"BELLEVILLE, IL",487,240,6,82548,5147200.430001315,2.1667159093372748,44
IL,CRYSTAL LAKE,"CRYSTAL LAKE, IL",478,182,6,80743,5353145.810002676,2.158276866421922,57
IN,ANDERSON,"ANDERSON, IN",599,238,6,77264,4881582.720001035,1.7235245616672032,39
IN,MICHIGAN CITY,"MICHIGAN CITY, IN",415,161,6,77190,4221543.439997732,2.328946041802994,68
IL,TINLEY PARK,"TINLEY PARK, IL",384,159,6,76826,4277222.259996949,2.0754822023905044,46
IL,CARBONDALE,"CARBONDALE, IL",480,215,6,76815,5496626.519998641,2.081023108460593,52
IL,DES PLAINES,"DES PLAINES, IL",368,171,6,76734,4465114.489999964,2.02439684342431,41
IL,WESTMONT,"WESTMONT, IL",356,158,6,76489,4094661.5500038816,2.0331838199958034,38
IN,FISHERS,"FISHERS, IN",567,255,6,73924,4105482.4300013375,1.8296864006758884,36
IL,BUFFALO GROVE,"BUFFALO GROVE, IL",264,115,5,73334,3403487.9900076054,1.964488352687774,36
IN,DYER,"DYER, IN",329,121,6,72391,5005876.009998955,2.1187250425948907,66
IL,LAKE FOREST,"LAKE FOREST, IL",596,250,6,71359,5718200.460015303,2.642036261389661,55
IL,BARRINGTON,"BARRINGTON, IL",394,149,6,70339,5190015.150008736,2.2403699230221212,54
IL,OAK PARK,"OAK PARK, IL",447,225,6,70151,3855266.5399996256,2.3390090143169333,37
IL,O FALLON,"O FALLON, IL",416,147,6,69415,5151188.059997603,2.274821962606035,41
IL,MOUNT VERNON,"MOUNT VERNON, IL",290,116,6,68125,3594533.9400021536,2.794564818580981,51
IN,AVON,"AVON, IN",516,222,6,67025,4191353.3799985778,1.7639066250387592,39
IL,BOURBONNAIS,"BOURBONNAIS, IL",282,111,6,66147,3159296.4600018333,2.031665541511221,29
IL,OLYMPIA FIELDS,"OLYMPIA FIELDS, IL",400,182,6,65048,5021955.690001176,2.407290231324694,51
IL,MORTON GROVE,"MORTON GROVE, IL",237,94,6,64585,3714888.979999332,2.202206333354384,29
IL,KANKAKEE,"KANKAKEE, IL",321,128,6,62869,4405615.059997199,1.9957810592293757,43
IN,JASPER,"JASPER, IN",285,109,6,62849,3459044.5399999577,1.9231639483426122,38
IL,HIGHLAND PARK,"HIGHLAND PARK, IL",308,118,6,61330,3293820.980002768,1.9217242230215679,33
IL,LOMBARD,"LOMBARD, IL",395,154,6,61286,3990909.4799984656,2.0446617425149944,38
IL,NORTHBROOK,"NORTHBROOK, IL",247,108,6,60364,3148293.789995996,1.813090564666131,28
IL,NORMAL,"NORMAL, IL",366,158,6,59662,3574511.6500024656,2.8235389760480496,39
IL,ALGONQUIN,"ALGONQUIN, IL",242,107,5,59563,3057191.5599955004,2.602681554635977,34
IN,NOBLESVILLE,"NOBLESVILLE, IN",404,166,6,59522,3400782.660002426,1.924650132208591,38
IL,BOLINGBROOK,"BOLINGBROOK, IL",342,157,6,56752,3294174.0000004563,2.56106468206864,39
IL,EVERGREEN PARK,"EVERGREEN PARK, IL",309,111,6,56222,4084640.9800001676,2.2191303616764237,44
IL,SYCAMORE,"SYCAMORE, IL",328,104,6,54130,3636887.790001895,1.9016214337836366,37
IL,HUNTLEY,"HUNTLEY, IL",239,114,6,53341,2828479.139999288,2.6786636073835752,27
IN,HOBART,"HOBART, IN",275,93,6,51518,3309651.9099972676,2.31043290651633,50
IL,MATTOON,"MATTOON, IL",369,163,6,51219,3259897.5900035654,3.0123454359603428,35
IL,DEKALB,"DEKALB, IL",208,97,6,51067,2522229.649996398,2.2542918832043353,22
IL,EFFINGHAM,"EFFINGHAM, IL",285,101,6,50037,3585271.6300044237,2.42961983369406,35
IL,MOUNT PROSPECT,"MOUNT PROSPECT, IL",216,83,5,48479,3116536.100003489,2.0247089132014318,32
IL,NILES,"NILES, IL",235,88,5,47952,2843930.560000948,2.059749579798896,27
IN,GOSHEN,"GOSHEN, IN",422,161,6,47891,3028397.7800031207,2.234836574395856,40
IL,BANNOCKBURN,"BANNOCKBURN, IL",152,52,5,47136,2916716.660001783,2.2059082422949126,29
IL,PALATINE,"PALATINE, IL",116,66,6,46720,2179298.0500009777,1.8910619936609494,11
IN,VINCENNES,"VINCENNES, IN",268,118,6,46494,2964060.539999355,1.7218375421786565,34
IL,ALTON,"ALTON, IL",337,139,6,45864,2906847.19999911,2.3183157987753074,28
IL,MARION,"MARION, IL",198,84,6,44797,2231501.9400044894,2.2691565067437045,24
IL,BERWYN,"BERWYN, IL",294,129,6,44791,3270298.2099991376,3.1386897573579997,32
IL,MELROSE PARK,"MELROSE PARK, IL",219,94,6,44266,2914906.3800057834,1.9634426358866384,31
IL,HERRIN,"HERRIN, IL",221,94,5,43148,2433259.419997143,2.1881336629401313,20
IL,ST CHARLES,"ST CHARLES, IL",238,96,6,42208,2269788.3800010374,1.9377472350897476,13
IL,MORRIS,"MORRIS, IL",253,105,6,41878,2942581.730000654,1.8460887969963402,21
IL,ROLLING MEADOWS,"ROLLING MEADOWS, IL",194,65,5,40012,3082484.6700034095,1.9544393615302376,30
IN,LA PORTE,"LA PORTE, IN",231,78,6,39943,2297228.389999827,2.394378870338625,34
IN,PORTAGE,"PORTAGE, IN",189,68,5,39627,2154507.999997521,2.336151999617974,32
IL,LISLE,"LISLE, IL",300,103,6,39107,2753310.9599964195,1.9955392780473438,20
IL,OAK BROOK,"OAK BROOK, IL",178,106,5,38890,1597849.82999814,2.515466496781249,23
IL,BLOOMINGDALE,"BLOOMINGDALE, IL",257,106,6,38616,2282103.8500006087,1.9611521972523027,22
IL,WARRENVILLE,"WARRENVILLE, IL",293,105,5,38158,3202413.080004788,1.777707497032051,25
IN,CHESTERTON,"CHESTERTON, IN",165,70,5,37985,2128193.029998821,2.128599282581004,35
IL,STERLING,"STERLING, IL",224,77,4,37367,2178560.599999277,2.277721734734558,22
IL,LAKE BARRINGTON,"LAKE BARRINGTON, IL",192,64,5,35952,2555776.0299975197,2.31204068750996,20
IN,GRANGER,"GRANGER, IN",173,73,6,35613,1809513.560000892,2.324005836361353,30
IL,FRANKFORT,"FRANKFORT, IL",105,54,6,35591,1347939.969996948,2.1290827692305303,21
IL,GLEN ELLYN,"GLEN ELLYN, IL",244,94,5,35173,2186185.94000258,1.9141039082783426,11
IL,PLAINFIELD,"PLAINFIELD, IL",226,105,6,34966,2103605.8499988616,2.145600547321334,25
IL,MOKENA,"MOKENA, IL",211,83,5,34522,2096155.3799991743,1.821740494733406,13
IN,SEYMOUR,"SEYMOUR, IN",269,114,6,33797,2219825.2600009637,1.7986303193456297,25
IL,HAZEL CREST,"HAZEL CREST, IL",204,108,6,33181,2171154.200000604,2.2065572862841045,27
IN,MARION,"MARION, IN",211,93,6,32698,1962349.5500014436,1.6126946148888508,14
IL,BURR RIDGE,"BURR RIDGE, IL",221,102,6,32150,1969515.34999718,2.324049280451214,15
IL,HARVEY,"HARVEY, IL",130,53,6,31549,2374842.5300032236,1.8563707143209411,23
IN,HIGHLAND,"HIGHLAND, IN",130,47,5,31265,1960921.9399978917,1.9449564878660446,27
IL,GRAYSLAKE,"GRAYSLAKE, IL",154,66,5,31009,1590725.810002826,2.397283009522946,17
IL,MARYVILLE,"MARYVILLE, IL",276,108,6,30866,2273430.489997717,2.456654374430845,26
IL,WOODSTOCK,"WOODSTOCK, IL",151,70,5,30388,1931886.869999878,2.2591696593759614,17
IN,GREENFIELD,"GREENFIELD, IN",232,100,6,30355,1858025.9000003021,1.5843418975841892,18
IL,CHICAGO RIDGE,"CHICAGO RIDGE, IL",160,48,5,30258,2582664.019991862,1.997402385057339,29
IN,WEST LAFAYETTE,"WEST LAFAYETTE, IN",185,91,6,29561,1428416.380002002,1.8850134238313523,16
IL,CENTRALIA,"CENTRALIA, IL",117,41,6,29504,1992616.90999908,2.52642774929062,27
IN,DANVILLE,"DANVILLE, IN",281,121,6,29048,2125854.119994521,1.3432049282858232,13
IL,DEERFIELD,"DEERFIELD, IL",115,51,4,27542,1604087.579998609,1.9410338874865314,14
IL,OAKBROOK TERRACE,"OAKBROOK TERRACE, IL",71,36,5,27454,1664205.830004094,2.078594076837369,18
IL,GALESBURG,"GALESBURG, IL",149,66,6,27230,1857365.7299989867,2.445496707277969,23
IN,MADISON,"MADISON, IN",164,65,6,27173,1907372.0199997195,2.2860587314269387,26
IL,DANVILLE,"DANVILLE, IL",194,85,6,26876,1516819.029999478,2.7895253993587197,15
IN,LEBANON,"LEBANON, IN",188,79,6,26868,1817559.000001298,1.6492041443632988,15
IL,PERU,"PERU, IL",87,40,5,26260,1080678.009997323,2.7516416294843316,10
IL,WESTCHESTER,"WESTCHESTER, IL",102,46,5,26254,1293508.8599988245,2.8856732943490098,18
IL,DIXON,"DIXON, IL",162,63,5,26242,1277887.380001852,1.095517293761807,12
IN,WARSAW,"WARSAW, IN",218,86,5,25562,1704467.2199983457,1.7658239770013053,11
IL,PALOS PARK,"PALOS PARK, IL",120,31,5,24899,2032503.6600029496,1.7313083923235668,14
IL,BARTLETT,"BARTLETT, IL",136,60,6,24590,1233904.2999990706,2.130369001751117,10
IL,CREST HILL,"CREST HILL, IL",93,34,5,24422,1301654.240000791,2.6406607808769795,11
IL,LINCOLNSHIRE,"LINCOLNSHIRE, IL",154,51,5,24234,1335395.479999624,2.1382370002033415,9
IN,SCHERERVILLE,"SCHERERVILLE, IN",118,46,5,23527,1548899.75000144,2.2375061313145994,21
IN,LAWRENCEBURG,"LAWRENCEBURG, IN",188,69,6,23395,1399288.620002583,2.5175130097203757,19
IL,WILLOWBROOK,"WILLOWBROOK, IL",241,98,5,22763,1218187.320001549,1.6567998205039676,10
IL,LAKE ZURICH,"LAKE ZURICH, IL",105,46,5,22438,1110616.5299991304,2.1688630533628386,13
IN,PLAINFIELD,"PLAINFIELD, IN",149,72,6,22307,1297233.280000607,1.9514326654287222,11
IN,ZIONSVILLE,"ZIONSVILLE, IN",151,71,6,22186,1084742.8999999547,1.667980817331268,8
IL,OTTAWA,"OTTAWA, IL",115,53,6,22069,1284933.8600001652,2.6300426177347256,14
IL,VERNON HILLS,"VERNON HILLS, IL",174,72,6,22061,1273981.750000223,2.498220339007931,10
IN,CORYDON,"CORYDON, IN",118,55,6,21981,1301521.8400007535,2.2407492885567324,19
IL,WOODRIDGE,"WOODRIDGE, IL",128,58,5,21957,1347684.6499971752,2.1481623474229155,15
IL,HOMEWOOD,"HOMEWOOD, IL",114,49,6,21840,1492582.630004693,1.9202476651647453,10
IL,OSWEGO,"OSWEGO, IL",111,58,6,21205,874072.1099984719,2.5559081414265847,13
IL,LINCOLNWOOD,"LINCOLNWOOD, IL",79,36,5,21140,986782.6499976026,2.1063894295633823,17
IL,CAROL STREAM,"CAROL STREAM, IL",78,36,5,21077,908932.8399978984,1.8840435018158002,7
IL,BATAVIA,"BATAVIA, IL",81,37,5,20809,1227360.8000004604,2.140978003339297,8
IL,SHILOH,"SHILOH, IL",187,65,5,20634,1444337.5000007094,2.1798696447936106,13
IN,FRANKLIN,"FRANKLIN, IN",163,68,6,20304,1250374.1399983675,1.8632012039424055,18
IN,HAMMOND,"HAMMOND, IN",104,45,6,20156,1438389.090002356,2.0183341768294305,27
IL,SWANSEA,"SWANSEA, IL",115,43,4,20090,1156096.9699970966,1.922934465896583,7
IN,BEDFORD,"BEDFORD, IN",125,56,6,19530,1236145.6599991345,1.7854829239315901,14
IL,FLOSSMOOR,"FLOSSMOOR, IL",104,34,5,19195,1267156.1499980951,2.0123109673938284,10
IL,WHEELING,"WHEELING, IL",58,27,6,18980,915709.929998164,1.8323401916040543,5
IL,ADDISON,"ADDISON, IL",132,54,6,18712,1097603.0200001146,2.071910801298924,13
IL,LAKE IN THE HILLS,"LAKE IN THE HILLS, IL",49,27,5,18510,793212.08999852,2.006601348633462,8
IL,FREEPORT,"FREEPORT, IL",140,70,6,18057,1181231.5200006051,2.0099886166624,11
IL,GREENVILLE,"GREENVILLE, IL",49,43,5,17368,1487024.640003165,6.56698649066255,20
IL,MACOMB,"MACOMB, IL",69,32,6,17341,803341.6800027731,2.0859002524029506,8
IL,LA GRANGE HIGHLANDS,"LA GRANGE HIGHLANDS, IL",99,30,4,17259,1296602.549998876,2.5831774387000617,18
IL,WESTERN SPRINGS,"WESTERN SPRINGS, IL",59,27,5,16848,648440.179998933,2.2233480294759262,6
IL,LAKE BLUFF,"LAKE BLUFF, IL",83,34,5,16843,728688.700001377,1.7929839313272646,4
IN,CRAWFORDSVILLE,"CRAWFORDSVILLE, IN",113,48,6,16838,1062255.4300015573,2.289541409574375,16
IL,ROCK ISLAND,"ROCK ISLAND, IL",113,72,5,16695,1137000.229999931,2.4030066468464413,9
IL,MORTON,"MORTON, IL",90,38,6,16689,964136.1300020034,2.5240925208889102,12
IL,ZION,"ZION, IL",138,60,6,16602,1074180.5800019435,5.286827844906933,21
IN,WESTFIELD,"WESTFIELD, IN",122,63,6,16394,676747.419999682,2.0293363175647605,5
IL,PEKIN,"PEKIN, IL",104,47,6,16267,895575.8400008553,2.3271289699248325,6
IL,BRADLEY,"BRADLEY, IL",68,31,4,16047,916820.359997452,2.3554410531410057,11
IL,YORKVILLE,"YORKVILLE, IL",89,44,5,15886,681773.120000453,2.3358118493543913,9
IL,SPRING VALLEY,"SPRING VALLEY, IL",57,21,3,15452,1151561.71999861,2.022939873724844,8
IL,WILMETTE,"WILMETTE, IL",81,33,5,15348,856750.8699999813,2.113268890182203,10
IN,AUBURN,"AUBURN, IN",116,60,5,15303,799982.070001769,1.899418384356737,13
IL,HOMER GLEN,"HOMER GLEN, IL",56,24,5,15118,717773.7500000475,1.921046796075975,5
IN,CLARKSVILLE,"CLARKSVILLE, IN",83,39,5,15091,843188.0099998814,2.5927517396387167,12
IN,PLYMOUTH,"PLYMOUTH, IN",92,42,6,14957,948763.099998887,2.3901336444641874,14
IN,BROWNSBURG,"BROWNSBURG, IN",126,59,5,14954,824438.5600016369,1.383298876042054,6
IN,SAINT JOHN,"SAINT JOHN, IN",62,26,4,14934,885743.7699973229,2.3861013364506847,12
IL,EDWARDSVILLE,"EDWARDSVILLE, IL",109,48,6,14766,705496.4199993701,2.231999141538792,5
IL,LA GRANGE,"LA GRANGE, IL",76,36,6,14735,685702.309998498,2.876924882960636,10
IL,WASHINGTON,"WASHINGTON, IL",61,30,4,14612,734321.690001268,2.6245164142577693,11
IN,MOORESVILLE,"MOORESVILLE, IN",164,64,6,14325,895485.2199990816,2.327054629573801,3
IN,EAST CHICAGO,"EAST CHICAGO, IN",104,41,6,14254,965271.2500000081,2.4848753719346375,13
IL,PALOS HILLS,"PALOS HILLS, IL",86,28,5,14246,856527.21999966,1.8648236129749507,8
IL,BELVIDERE,"BELVIDERE, IL",93,35,5,13907,656658.1500000225,2.2660844081250735,8
IL,SILVIS,"SILVIS, IL",56,35,5,13684,511318.910000633,2.167463459024534,4
IL,MT PROSPECT,"MT PROSPECT, IL",79,26,5,13550,906303.33000232,1.9194268025111383,8
IL,FAIRVIEW HEIGHTS,"FAIRVIEW HEIGHTS, IL",81,34,6,13339,823561.069999715,2.3112380705057456,8
IN,SHELBYVILLE,"SHELBYVILLE, IN",127,63,5,13000,921202.13000067,2.4282899010676213,11
IN,GARY,"GARY, IN",109,60,6,12883,905361.309998979,2.7686885462729123,13
IN,LOGANSPORT,"LOGANSPORT, IN",100,46,5,12817,722447.7599994281,1.2577797299952083,9
IL,WINNETKA,"WINNETKA, IL",57,21,4,12683,843046.960005222,1.8733556857339888,9
IL,MERRIONETTE PARK,"MERRIONETTE PARK, IL",57,20,5,12218,848364.869999361,2.116358882152996,8
IL,ARLINGTON HTS,"ARLINGTON HTS, IL",60,23,5,12173,667745.940002751,1.9606737799070841,5
IN,PERU,"PERU, IN",74,32,6,12040,745086.9499997396,1.7050471164194096,11
IL,DARIEN,"DARIEN, IL",52,25,5,12029,678833.7899993826,2.2334469213886816,6
IL,WAUCONDA,"WAUCONDA, IL",82,36,5,11998,647748.1199993499,2.124791009312299,6
IL,MATTESON,"MATTESON, IL",53,29,4,11773,395859.929998389,2.069226342130876,3
IL,FOX RIVER GROVE,"FOX RIVER GROVE, IL",51,17,5,11715,712878.5800016468,2.2850134889961815,12
IN,CEDAR LAKE,"CEDAR LAKE, IN",31,12,4,11634,333665.689998483,2.1342186388427793,5
IL,BURBANK,"BURBANK, IL",77,41,6,11546,815887.279999011,2.3521249905411716,6
IL,SANDWICH,"SANDWICH, IL",67,28,6,11500,675203.969999501,2.235349203870305,5
IL,SOUTH HOLLAND,"SOUTH HOLLAND, IL",90,43,5,11306,651235.489998998,2.2369974796769805,8
IL,LEMONT,"LEMONT, IL",48,21,6,11302,699572.730000085,2.0602227375605193,10
IL,ELMWOOD PARK,"ELMWOOD PARK, IL",76,25,5,11059,674256.640000743,2.1692820817774763,6
IL,LOCKPORT,"LOCKPORT, IL",62,27,6,10943,465086.1999998021,2.0645610396777205,4
IN,BATESVILLE,"BATESVILLE, IN",82,41,6,10856,751812.0499999844,2.4864407128746358,11
IN,LAGRANGE,"LAGRANGE, IN",55,32,6,10783,634674.6800006481,1.9341045954620115,5
IN,KENDALLVILLE,"KENDALLVILLE, IN",64,31,5,10659,551637.339999587,1.8832644790633974,4
IL,GLEN CARBON,"GLEN CARBON, IL",54,27,4,10658,510244.8300000874,2.2364901581624017,5
IL,MORRISON,"MORRISON, IL",22,14,4,10614,414006.60000197496,1.977500097689354,5
IL,ITASCA,"ITASCA, IL",47,19,5,10522,601678.7000011941,2.3921341815990114,6
IN,NEW CASTLE,"NEW CASTLE, IN",106,49,6,10343,651062.0700001956,2.1464693881857055,5
IL,COLUMBIA,"COLUMBIA, IL",50,31,3,10278,349172.270000623,2.3290399203417347,3
IN,HUNTINGBURG,"HUNTINGBURG, IN",21,11,4,10184,376052.02999923,1.557800590989571,4
IN,RENSSELAER,"RENSSELAER, IN",59,24,5,10038,614345.6700003154,2.404289184937679,10
IL,HIGHLAND,"HIGHLAND, IL",58,22,6,10016,433814.2899994987,2.4648702858413314,3
IL,GRANITE CITY,"GRANITE CITY, IL",51,33,5,9985,453949.459998973,2.117609007915723,6
IL,KEWANEE,"KEWANEE, IL",16,14,5,9854,244994.470000318,2.648864902280603,3
IL,FAIRBURY,"FAIRBURY, IL",14,8,2,9787,237667.10999825,2.799220839906123,4
IL,MUNDELEIN,"MUNDELEIN, IL",54,23,6,9785,594230.4699974275,1.9747618160021319,4
IN,GREENCASTLE,"GREENCASTLE, IN",51,34,6,9780,377668.7399999748,3.3719299552148723,7
IL,SOUTH ELGIN,"SOUTH ELGIN, IL",96,42,4,9763,637582.6299993233,2.203022212156971,5
IL,WAUKEGAN,"WAUKEGAN, IL",69,41,6,9693,762773.7099943521,2.3246402829863033,6
IN,WHITING,"WHITING, IN",38,13,5,9676,468819.1199993718,1.891359030206475,8
IL,SHELBYVILLE,"SHELBYVILLE, IL",25,12,4,9646,322042.870000499,2.041248369557587,5
IL,HERSCHER,"HERSCHER, IL",21,7,3,9631,301695.7999979778,2.8723476324320067,2
IL,COUNTRYSIDE,"COUNTRYSIDE, IL",37,18,5,9610,403829.9900002396,2.1785231110595515,3
IL,JACKSONVILLE,"JACKSONVILLE, IL",73,36,5,9515,504899.879999821,2.936106983611648,8
IN,MOUNT VERNON,"MOUNT VERNON, IN",30,14,5,9463,411226.539999688,1.2734358347654688,9
IL,RIVERSIDE,"RIVERSIDE, IL",55,22,6,9450,648843.829999958,2.3668439440785813,7
IL,RIVER FOREST,"RIVER FOREST, IL",84,31,5,9141,608097.659998246,2.180340322840176,7
IL,ROSCOE,"ROSCOE, IL",71,23,4,9058,444558.7799996359,2.0360891912358583,5
IL,PONTIAC,"PONTIAC, IL",56,33,5,9051,532945.880002039,2.8178086424718556,5
IL,CRESTWOOD,"CRESTWOOD, IL",56,27,5,8921,646253.820000839,1.9026860782013884,6
IL,KILDEER,"KILDEER, IL",58,16,5,8894,728197.7000010189,1.9561029737701436,7
IL,LINDENHURST,"LINDENHURST, IL",46,22,5,8770,295818.0200004724,2.261515509145595,2
IL,MAHOMET,"MAHOMET, IL",46,20,4,8739,417136.460000221,2.522744034682642,5
IL,NORTHFIELD,"NORTHFIELD, IL",49,23,6,8669,429576.5000004125,1.7700718591808706,3
IL,ROMEOVILLE,"ROMEOVILLE, IL",51,30,5,8639,453000.7799989378,2.4191688675592067,8
IN,ANGOLA,"ANGOLA, IN",68,37,6,8568,499510.779998764,1.9376208633763037,7
IN,SELLERSBURG,"SELLERSBURG, IN",30,11,5,8462,439129.0099994645,2.283417794981662,5
IN,FLOYDS KNOBS,"FLOYDS KNOBS, IN",38,20,6,8426,463835.8299999523,1.991743147197591,5
IL,ANTIOCH,"ANTIOCH, IL",26,15,3,8400,373441.530002246,1.914692691098383,3
IL,NORTH AURORA,"NORTH AURORA, IL",34,15,5,8221,450464.7800005633,2.173607884402209,6
IL,OLNEY,"OLNEY, IL",56,19,6,8186,415346.670000352,2.930712153292093,3
IL,CARMI,"CARMI, IL",18,12,5,8127,244716.4199999211,2.1374821517612923,4
IN,COLUMBIA CITY,"COLUMBIA CITY, IN",61,33,5,8081,417730.450002287,1.8829198965584868,5
IL,LANSING,"LANSING, IL",25,16,3,7929,218904.379999574,1.7130705860438167,4
IL,ROUND LAKE BEACH,"ROUND LAKE BEACH, IL",20,11,4,7900,293248.00999909197,2.6210295408187205,4
IL,CHARLESTON,"CHARLESTON, IL",46,22,2,7838,431603.87000020203,1.857770307270694,3
IL,CARTERVILLE,"CARTERVILLE, IL",30,13,4,7831,381061.719999639,1.6546247806103407,4
IN,CONNERSVILLE,"CONNERSVILLE, IN",39,19,5,7759,424724.880001485,2.9872275757558615,7
IN,MONTICELLO,"MONTICELLO, IN",50,21,6,7696,498217.3800001659,1.5238348293821486,4
IN,BRAZIL,"BRAZIL, IN",48,22,6,7687,436607.6000011909,1.724434100403844,6
IL,CALUMET CITY,"CALUMET CITY, IL",48,18,4,7633,413317.839998312,2.0085909793512067,2
IN,WASHINGTON,"WASHINGTON, IN",61,31,6,7526,506555.4499994169,1.8169518146606278,5
IL,WATERLOO,"WATERLOO, IL",40,22,6,7501,249027.0099989106,2.964160582124321,4
IL,CHICAGO HEIGHTS,"CHICAGO HEIGHTS, IL",54,29,5,7490,800689.410001467,2.4654236824115645,11
IL,CARY,"CARY, IL",26,11,4,7436,313895.869999958,1.7324514341878552,3
IN,BROOKVILLE,"BROOKVILLE, IN",44,22,5,7404,345297.0699991114,2.906212038232873,9
IN,PORTLAND,"PORTLAND, IN",46,25,5,7347,335042.540000218,2.3858756385371827,3
IN,FRANKFORT,"FRANKFORT, IN",43,21,4,7346,389175.660000368,1.645700014179357,5
IL,WEST DUNDEE,"WEST DUNDEE, IL",46,18,4,7331,470720.650001482,2.16280379728595,4
IN,CHARLESTOWN,"CHARLESTOWN, IN",27,16,4,7312,454737.550000419,1.9482259517877452,6
IL,SUGAR GROVE,"SUGAR GROVE, IL",31,20,3,7306,217653.989999171,2.5735544571614497,3
IL,MINOOKA,"MINOOKA, IL",21,12,3,7305,272909.20000086696,1.7444606578445723,5
IL,SALEM,"SALEM, IL",28,16,5,7205,443903.830000066,2.8527598362963236,3
IL,GENESEO,"GENESEO, IL",22,14,4,7178,329206.990000144,2.2950688215197745,5
IN,PRINCETON,"PRINCETON, IN",28,14,6,7151,298288.189998328,2.399587023222634,6
IL,CICERO,"CICERO, IL",51,23,6,7038,425135.5299997958,2.096297114552521,7
IN,LINTON,"LINTON, IN",36,18,6,6922,432964.0700001844,2.1464579183661003,6
IL,SAINT CHARLES,"SAINT CHARLES, IL",36,17,4,6877,458503.620000616,2.125357505745275,6
IL,SHOREWOOD,"SHOREWOOD, IL",22,14,6,6860,224442.6600003866,3.2519526986998173,3
IN,BREMEN,"BREMEN, IN",37,15,4,6690,385076.379999551,2.2723435805740073,5
IL,ROSELLE,"ROSELLE, IL",9,7,2,6685,199868.840000488,3.1137740693725813,4
IN,SCOTTSBURG,"SCOTTSBURG, IN",24,12,5,6597,444369.459999807,3.3190078446252627,8
IL,ALTAMONT,"ALTAMONT, IL",24,10,4,6546,357620.170000056,1.7885969191565816,5
IL,PARK CITY,"PARK CITY, IL",23,8,3,6496,563596.899997352,2.003778838496073,7
IL,NORRIDGE,"NORRIDGE, IL",35,16,3,6476,187166.760000099,1.624502703316249,3
IL,LA GRANGE PARK,"LA GRANGE PARK, IL",27,20,4,6376,202777.250000806,3.034091387956343,1
IL,STREATOR,"STREATOR, IL",23,13,3,6373,210757.980000312,2.594399569927268,2
IL,ST. CHARLES,"ST. CHARLES, IL",21,7,3,6369,466222.290000448,1.474878136694496,2
IL,FORSYTH,"FORSYTH, IL",31,13,3,6356,382510.03000054,2.63399029096357,7
IN,TIPTON,"TIPTON, IN",52,23,4,6344,446293.509998951,1.5909692731092338,4
IL,OAK FOREST,"OAK FOREST, IL",38,19,5,6341,470971.5599992934,2.509524476379119,4
IL,ALSIP,"ALSIP, IL",13,10,3,6254,122589.63000116599,2.0255018523649526,2
IL,HOPEDALE,"HOPEDALE, IL",24,9,3,6196,412658.709999769,1.988702014723172,5
IL,LOVES PARK,"LOVES PARK, IL",48,25,6,6089,391443.6000000206,2.429209293832335,4
IL,MANTENO,"MANTENO, IL",33,13,4,6074,283944.259999582,1.9037154430002206,3
IN,NORTH VERNON,"NORTH VERNON, IN",34,21,5,6022,312046.630000113,1.400848041538656,2
IN,GREENSBURG,"GREENSBURG, IN",50,29,5,6002,320842.61,2.123156312304118,2
IN,DECATUR,"DECATUR, IN",60,26,5,5999,327997.069999595,1.7659289874394453,1
IL,ORLAND HILLS,"ORLAND HILLS, IL",26,9,4,5964,296242.38000001403,2.021908521287455,2
IL,LONG GROVE,"LONG GROVE, IL",40,29,5,5939,289943.880000352,1.9259034576045413,1
IL,CANTON,"CANTON, IL",43,32,5,5822,311079.040000439,1.6243640092148512,3
IL,NORTH CHICAGO,"NORTH CHICAGO, IL",61,36,4,5737,436743.589999469,2.169164783838017,5
IL,MACHESNEY PARK,"MACHESNEY PARK, IL",21,12,4,5618,120517.15000034601,1.8017693699531425,3
IL,RIVER GROVE,"RIVER GROVE, IL",9,8,3,5481,97188.86999974301,3.922657362903795,1
IL,WATSEKA,"WATSEKA, IL",40,16,5,5436,399843.72000047,2.3103481754274515,4
IL,GODFREY,"GODFREY, IL",45,21,5,5339,337715.120000722,2.358216239758325,4
IL,VANDALIA,"VANDALIA, IL",23,11,5,5304,274660.62999909103,2.188683895815221,2
IL,TROY,"TROY, IL",24,13,4,5296,195726.140000627,2.093488010889447,1
IL,MT ZION,"MT ZION, IL",18,9,3,5295,200743.859999139,2.176627718346597,0
IN,BLUFFTON,"BLUFFTON, IN",53,25,4,5232,337833.109999717,1.9190971460371797,3
IN,HUNTINGTON,"HUNTINGTON, IN",55,27,3,5209,324906.240000101,1.8864947709950757,2
IL,PRINCETON,"PRINCETON, IL",37,18,5,5190,263091.11999989,2.713220970681727,0
IL,FREEBURG,"FREEBURG, IL",11,8,2,5152,156961.990001121,1.4911005348216397,1
IN,LOWELL,"LOWELL, IN",24,13,4,5134,203522.800000236,2.4256889160468162,4
IN,WABASH,"WABASH, IN",49,22,3,5111,333144.49000129197,1.9056799869955845,3
IL,HILLSBORO,"HILLSBORO, IL",10,5,3,5106,133808.669998596,1.072603395637262,1
IL,MONEE,"MONEE, IL",12,6,4,5030,168885.019998374,2.0599372265108453,3
IL,ROCHELLE,"ROCHELLE, IL",54,20,5,5029,361935.0099998392,2.2158150552658507,3
IL,COAL CITY,"COAL CITY, IL",16,9,5,5008,256298.06000011798,1.9573530049649412,2
IL,NORRIS CITY,"NORRIS CITY, IL",3,2,2,4997,79269.31999896,2.5358982231757525,1
IL,BETHALTO,"BETHALTO, IL",40,16,4,4920,319350.8600006963,2.216268603446288,3
IN,TELL CITY,"TELL CITY, IN",27,19,6,4877,296275.999999993,2.4727028387975616,5
IL,BREESE,"BREESE, IL",35,14,5,4861,246170.969999652,2.0057374429947004,2
IN,DEMOTTE,"DEMOTTE, IN",25,10,3,4809,306428.899999615,1.9764222069910897,6
IL,LAKE VILLA,"LAKE VILLA, IL",27,16,5,4749,220169.670000555,2.5386580121913638,1
IL,ANNA,"ANNA, IL",18,9,5,4676,221427.590000189,1.5147120318528522,2
IN,CLINTON,"CLINTON, IN",31,15,5,4660,256938.369999734,1.8590438487382992,3
IL,GIBSON CITY,"GIBSON CITY, IL",76,26,3,4656,298917.40999992803,1.730837433154471,0
IL,BROOKFIELD,"BROOKFIELD, IL",21,9,5,4655,291266.869999383,1.7382698005145691,5
IN,SULLIVAN,"SULLIVAN, IN",34,18,4,4651,250359.549999956,2.801890704853695,2
IL,CRETE,"CRETE, IL",9,5,3,4609,176492.570000586,1.1090680796046468,3
IL,FOREST PARK,"FOREST PARK, IL",34,20,5,4576,259781.589999596,1.8877436167143418,4
IL,MOUNDS,"MOUNDS, IL",2,2,1,4554,82019.40999936301,3.1297283810735332,2
IN,GREENDALE,"GREENDALE, IN",40,13,4,4499,300260.97999985877,2.9672069438978994,3
IN,WHITELAND,"WHITELAND, IN",39,15,3,4450,270982.320000186,1.6660336515496443,2
IL,BENSENVILLE,"BENSENVILLE, IL",21,13,4,4444,136544.830000447,1.7511152265820729,1
IL,CLARENDON HILLS,"CLARENDON HILLS, IL",19,10,5,4404,338381.769999447,2.2415780709619573,6
IN,DELPHI,"DELPHI, IN",16,9,3,4384,126149.709999546,1.5125067197801119,2
IN,NAPPANEE,"NAPPANEE, IN",42,21,4,4365,245320.7500001354,2.085111462463239,2
IL,CHANNAHON,"CHANNAHON, IL",41,14,4,4231,256396.719999718,1.1163438671844974,1
IL,TUSCOLA,"TUSCOLA, IL",17,10,4,4219,191252.899999965,2.055697494220926,2
IL,MURPHYSBORO,"MURPHYSBORO, IL",29,15,4,4182,303677.880000662,2.290860062034853,3
IL,SPRING GROVE,"SPRING GROVE, IL",1,1,1,4164,74896.930000704,2.715841833867882,1
IL,HARVARD,"HARVARD, IL",23,12,5,4149,208098.88999942702,3.2698900591594473,3
IL,LINCOLN,"LINCOLN, IL",36,17,3,4088,269990.64999942103,2.8982664154946094,1
IL,KENILWORTH,"KENILWORTH, IL",20,8,3,4085,195166.379999239,1.2310945622967062,0
IL,HILLSIDE,"HILLSIDE, IL",13,5,4,4076,345572.830007781,1.7267592001584624,1
IL,PARIS,"PARIS, IL",27,14,4,4069,302363.780000101,2.1191951948745493,1
IL,METROPOLIS,"METROPOLIS, IL",18,9,3,4064,245440.609999903,1.960460280148387,1
IN,AURORA,"AURORA, IN",26,11,4,4059,295017.160001222,2.478737546437909,3
IL,EAST DUNDEE,"EAST DUNDEE, IL",21,6,4,4040,297123.1699984374,1.8895902298966119,3
IL,MANHATTAN,"MANHATTAN, IL",10,6,3,3996,107577.209998997,2.560123038513355,2
IL,GALENA,"GALENA, IL",28,9,5,3958,239664.2100008021,2.1507178632676682,4
IL,OREGON,"OREGON, IL",13,7,3,3935,127524.81999989,1.0310161689700437,2
IL,VILLA PARK,"VILLA PARK, IL",25,12,4,3919,169143.749999857,1.8646374036184044,2
IN,ROANOKE,"ROANOKE, IN",38,15,3,3910,287357.77999982843,1.5987693942087722,5
IN,MARTINSVILLE,"MARTINSVILLE, IN",31,15,3,3890,221519.979999601,1.7782661691079706,2
IN,ST JOHN,"ST JOHN, IN",16,6,3,3886,261418.38999961398,2.275009284176745,3
IL,WEST FRANKFORT,"WEST FRANKFORT, IL",16,7,4,3882,130211.850000133,2.337064263039106,1
IN,BOONVILLE,"BOONVILLE, IN",37,16,4,3847,253863.649999304,1.6253753124136159,5
IL,FOX LAKE,"FOX LAKE, IL",8,8,2,3837,72821.190000151,4.321959083245291,1
IL,DIAMOND,"DIAMOND, IL",20,6,4,3814,192264.680000259,2.078031521751896,1
IL,HANOVER PARK,"HANOVER PARK, IL",18,11,6,3798,155906.669999101,2.6141147175550055,2
IL,ROCKTON,"ROCKTON, IL",6,5,3,3793,69478.249999821,4.244515313486529,0
IN,RUSHVILLE,"RUSHVILLE, IN",34,21,4,3790,215877.689999415,1.3586115789614575,1
IL,BYRON,"BYRON, IL",21,8,4,3779,147942.0900004914,1.9775596424508561,1
IL,CHATHAM,"CHATHAM, IL",41,19,3,3770,275008.0000004895,2.819119879588243,4
IL,CHILLICOTHE,"CHILLICOTHE, IL",21,8,4,3768,206163.84000026,2.81456549841817,3
IN,MONROE CITY,"MONROE CITY, IN",8,3,3,3766,258000.5500007528,1.3149421117676985,4
IL,DU QUOIN,"DU QUOIN, IL",22,12,4,3729,151382.499999022,2.173476309449586,1
IL,HINES,"HINES, IL",22,10,5,3726,233023.020000147,2.8077636798242596,2
IN,WINFIELD,"WINFIELD, IN",12,9,3,3636,66245.929999551,4.157423014643493,1
IN,SALEM,"SALEM, IN",35,19,4,3634,233285.02000049,1.6965480507808668,1
IN,MIDDLEBURY,"MIDDLEBURY, IN",9,5,2,3602,105141.930000905,2.275085908203103,2
IL,OFALLON,"OFALLON, IL",4,2,3,3595,69895.210000376,4.106091408128537,1
IL,BLUE ISLAND,"BLUE ISLAND, IL",39,23,5,3556,379455.669998656,1.9164965934590354,2
IN,CAMBY,"CAMBY, IN",23,13,3,3522,180500.5200006695,2.463701465162069,2
IN,WINCHESTER,"WINCHESTER, IN",18,8,3,3494,231695.590000235,2.9320166833814882,4
IL,HARRISBURG,"HARRISBURG, IL",32,18,6,3488,212987.330001054,2.266037712957626,2
IL,WINNEBAGO,"WINNEBAGO, IL",9,5,3,3487,113223.829998911,2.5813595321260685,2
IN,RUSSIAVILLE,"RUSSIAVILLE, IN",22,9,2,3436,216058.309999877,1.7360211535399894,2
IL,CLIFTON,"CLIFTON, IL",12,3,4,3357,254130.299999911,2.005903493622963,3
IL,WILLOW SPRINGS,"WILLOW SPRINGS, IL",4,4,2,3350,67848.149999576,3.4737693319026977,0
IN,SPENCER,"SPENCER, IN",25,10,2,3348,199245.080000023,1.7713181941458103,0
IL,TAYLORVILLE,"TAYLORVILLE, IL",25,9,3,3295,232705.049999498,1.9756594982679383,2
IN,GRIFFITH,"GRIFFITH, IN",28,10,4,3248,106041.2399999476,1.7007619342200209,1
IL,CARLYLE,"CARLYLE, IL",12,7,4,3235,134901.44999705598,2.3629659590809533,2
IN,PENDLETON,"PENDLETON, IN",29,13,2,3234,208418.82000022102,1.696191962199833,2
IL,SAVOY,"SAVOY, IL",12,8,2,3220,87443.959999871,2.1292953704418007,2
IN,ROCHESTER,"ROCHESTER, IN",23,14,5,3130,212691.849999825,1.6747183527471496,3
IL,HICKORY HILLS,"HICKORY HILLS, IL",26,14,4,3126,131133.459999757,2.627577347608981,0
IL,JERSEYVILLE,"JERSEYVILLE, IL",37,12,5,3104,235660.6899991676,2.9869661057304584,4
IL,FAIRFIELD,"FAIRFIELD, IL",19,12,4,3057,181618.570000003,2.289151593710822,1
IL,BENTON,"BENTON, IL",17,8,5,3045,139533.41000034602,2.1982673957841987,2
IL,CASEY,"CASEY, IL",7,4,3,2956,82427.779998985,1.4936364705814205,1
IL,MASCOUTAH,"MASCOUTAH, IL",21,8,5,2943,193434.950000094,1.727075562877175,1
IL,CARTHAGE,"CARTHAGE, IL",2,2,1,2938,54080.050000556,4.072476464050549,1
IL,THIRD LAKE,"THIRD LAKE, IL",10,8,3,2933,58354.490000191996,2.373678819006572,0
IL,CHRISTOPHER,"CHRISTOPHER, IL",1,1,1,2888,53388.050001424,2.3067343893926604,1
IL,GLENDALE HEIGHTS,"GLENDALE HEIGHTS, IL",22,10,4,2869,251605.050000226,2.05523623510455,2
IN,YORKTOWN,"YORKTOWN, IN",17,7,2,2826,205734.75000003199,1.7697646949516452,3
IL,MT. VERNON,"MT. VERNON, IL",6,1,4,2806,220833.93999992902,1.6832033249763843,1
IL,FRANKLIN PARK,"FRANKLIN PARK, IL",14,8,4,2789,194056.090000443,1.3433604186451888,3
IN,MCCORDSVILLE,"MCCORDSVILLE, IN",20,9,3,2785,146483.610000104,1.350012014707493,3
IN,BERNE,"BERNE, IN",10,5,2,2768,173618.3799999238,1.1391363911175953,1
IN,NORTH MANCHESTER,"NORTH MANCHESTER, IN",12,6,3,2766,130257.099999826,1.7334795456008507,1
IL,STREAMWOOD,"STREAMWOOD, IL",22,14,6,2746,160714.7500000145,2.045384441300204,1
IL,MENDOTA,"MENDOTA, IL",14,10,4,2708,77944.789999266,2.8778693900354693,0
IL,PARK FOREST,"PARK FOREST, IL",10,2,4,2683,179718.929998949,1.9595017463023954,2
IN,KNOX,"KNOX, IN",17,8,4,2654,130285.65000022159,2.7890184061841317,3
IN,BEECH GROVE,"BEECH GROVE, IN",29,12,3,2610,178249.289998631,2.1465076661024645,3
IL,MARSHALL,"MARSHALL, IL",3,2,3,2608,54902.89000036899,1.2051685661420752,1
IL,WATERMAN,"WATERMAN, IL",4,3,2,2570,54157.429999998,2.4060809187504413,1
IL,EAST PEORIA,"EAST PEORIA, IL",24,17,3,2549,86489.129999607,2.81312962372468,0
IL,ELDORADO,"ELDORADO, IL",27,15,4,2539,180123.249999932,2.1465402821423267,4
IL,O'FALLON,"O'FALLON, IL",18,8,3,2536,195676.169998822,1.9780815851994193,1
IL,SAVANNA,"SAVANNA, IL",4,3,2,2535,76822.209999877,1.850875702687905,1
IL,FULTON,"FULTON, IL",8,4,1,2508,158813.120000205,2.2130754405043485,2
IL,BUNKER HILL,"BUNKER HILL, IL",3,3,1,2502,39919.850000545994,3.0011120910807096,1
IN,LAPORTE,"LAPORTE, IN",18,9,3,2496,126268.460000132,2.2892515757522602,1
IN,NEW HAVEN,"NEW HAVEN, IN",20,13,2,2492,112640.239999912,1.6470840473329442,0
IL,RED BUD,"RED BUD, IL",13,8,6,2470,94706.24999962919,2.58934716631863,1
IN,ROCKVILLE,"ROCKVILLE, IN",14,6,2,2462,141041.080000297,1.8511294690190923,3
IN,LEXINGTON,"LEXINGTON, IN",1,1,1,2418,119188.590000792,2.4247023622813595,1
IL,LAGRANGE,"LAGRANGE, IL",17,5,3,2416,168989.880000204,2.038291245969305,2
IL,METAMORA,"METAMORA, IL",13,6,4,2381,149155.770000034,2.129010809147439,0
IN,HARTFORD CITY,"HARTFORD CITY, IN",8,7,3,2379,82796.759999139,2.333459715938824,1
IL,LAGRANGE PARK,"LAGRANGE PARK, IL",5,1,4,2332,177555.869999866,1.4790206115761495,2
IL,ISLAND LAKE,"ISLAND LAKE, IL",6,2,4,2327,152844.2399990795,1.994630331537751,1
IL,LENA,"LENA, IL",18,9,3,2305,90509.57999965,2.0746968104846637,0
IN,NEW PALESTINE,"NEW PALESTINE, IN",16,8,3,2276,128746.47999974599,1.4470423883471246,1
IL,WILMINGTON,"WILMINGTON, IL",12,4,5,2272,126320.9900003874,2.2074049584209097,2
IL,RANTOUL,"RANTOUL, IL",26,12,3,2271,146467.989999563,2.653081848350399,2
IN,ELWOOD,"ELWOOD, IN",18,10,4,2271,142901.990000533,1.7022145701597733,1
IL,NORTH RIVERSIDE,"NORTH RIVERSIDE, IL",15,10,3,2268,93257.579999724,2.8744431738271805,2
IL,CHERRY VALLEY,"CHERRY VALLEY, IL",12,4,3,2264,122112.409999587,2.418933764309526,2
IN,WEST LAFAYETTE BRA,"WEST LAFAYETTE BRA, IN",1,1,1,2239,38729.580000334994,2.5606233855163336,1
IL,NASHVILLE,"NASHVILLE, IL",17,7,2,2228,131333.819999885,2.1347311637328903,1
IN,ROCKPORT,"ROCKPORT, IN",11,4,2,2223,154111.450000405,2.075847752787389,3
IL,WHITE HALL,"WHITE HALL, IL",2,2,1,2212,36953.209999688,4.084910640607349,0
IL,HARWOOD HEIGHTS,"HARWOOD HEIGHTS, IL",11,6,5,2210,98882.9900001146,2.0407468064733902,2
IL,MARTINSVILLE,"MARTINSVILLE, IL",6,3,1,2173,114688.020000191,1.781815204769503,2
IN,WHEATFIELD,"WHEATFIELD, IN",7,3,2,2143,126360.06000048498,2.483466728391352,4
IL,ROBINSON,"ROBINSON, IL",15,8,4,2140,74928.199999759,2.1845068055788945,1
IN,SYRACUSE,"SYRACUSE, IN",19,9,3,2130,137427.319999731,1.78116192512103,2
IL,COAL VALLEY,"COAL VALLEY, IL",4,3,3,2127,97394.609999484,2.1780670619006353,2
IL,BEECHER,"BEECHER, IL",6,2,4,2105,129400.85999972721,1.7538075170920404,1
IN,FERDINAND,"FERDINAND, IN",6,3,3,2098,129819.50000013379,1.6068132554413257,2
IN,POSEYVILLE,"POSEYVILLE, IN",7,2,3,2078,125121.420000166,1.3435242132518206,2
IL,NORTH BARRINGTON,"NORTH BARRINGTON, IL",4,1,2,2067,169040.70999891812,1.3325219738858691,3
IN,BRISTOL,"BRISTOL, IN",11,4,4,2049,127795.270000239,2.297847585805701,5
IN,COVINGTON,"COVINGTON, IN",1,1,1,2034,30312.560000358,2.777200996714599,1
IL,AMBOY,"AMBOY, IL",9,3,3,2033,95542.500000071,0.9968500740533117,0
IN,UPLAND,"UPLAND, IN",12,5,3,2016,109914.40000019681,1.6847455355247338,2
IL,FLORA,"FLORA, IL",11,7,4,1997,92650.820000047,1.4216915293456835,1
IL,WOOD DALE,"WOOD DALE, IL",5,3,3,1978,68646.629999219,2.879910978623847,0
IL,RUSHVILLE,"RUSHVILLE, IL",5,3,3,1967,47990.250000775,2.654248154472648,0
IL,PROPHETSTOWN,"PROPHETSTOWN, IL",3,3,2,1964,36342.090000472,3.0063366276726007,1
IL,MILLSTADT,"MILLSTADT, IL",3,3,1,1957,30316.499999512,5.805001404889014,0
IL,PITTSFIELD,"PITTSFIELD, IL",9,8,4,1955,79059.289999738,2.2198275862068964,0
IN,SHELBURN,"SHELBURN, IN",5,1,4,1955,152946.889999393,1.512946963161351,1
IL,VIENNA,"VIENNA, IL",1,1,1,1947,34855.909999514995,2.1103590983769047,0
IL,CHICAGE,"CHICAGE, IL",3,1,2,1945,176810.709999843,1.8887287824244794,1
IL,DWIGHT,"DWIGHT, IL",8,4,3,1936,88836.699999288,1.712677819614235,1
IL,ARCOLA,"ARCOLA, IL",8,4,2,1932,58886.790000199006,1.874536306953388,0
IN,LAPEL,"LAPEL, IN",16,8,1,1931,135590.610000107,1.7328796898013317,1
IN,AVILLA,"AVILLA, IN",9,5,2,1919,127382.499999728,1.6386737096393398,2
IN,BICKNELL,"BICKNELL, IN",4,2,1,1909,131856.889999715,1.5030884993350182,2
IN,NEW SALISBURY,"NEW SALISBURY, IN",17,7,2,1906,123162.95000030499,1.4169783570585015,0
IL,ROC,"ROC, IL",4,1,3,1900,103614.78999979299,1.7274632432966406,1
IL,CLINTON,"CLINTON, IL",12,7,4,1897,63845.849999951,2.6226935434540484,1
IL,FLANAGAN,"FLANAGAN, IL",4,1,2,1876,154688.250000192,1.1736638450711294,1
IL,CARROLLTON,"CARROLLTON, IL",6,6,4,1873,48630.110000063,2.367199603893577,1
IN,ALEXANDRIA,"ALEXANDRIA, IN",14,6,1,1863,124982.619999913,1.7218450706956001,3
IL,QUINICY,"QUINICY, IL",1,1,1,1855,27801.13999943,2.7069971398960577,0
IN,LEO,"LEO, IN",9,5,3,1833,72396.970000183,1.757306867238666,1
IL,BEARDSTOWN,"BEARDSTOWN, IL",5,3,3,1829,39738.810000187,2.5734623106312338,1
IL,SULLIVAN,"SULLIVAN, IL",6,4,2,1819,75344.009999727,3.057773062861379,1
IN,GREENTOWN,"GREENTOWN, IN",11,3,3,1807,113543.04999985719,1.9633972291655168,1
IL,HOMETOWN,"HOMETOWN, IL",18,6,4,1806,150459.89000029519,2.4808921874059857,3
IL,PLANO,"PLANO, IL",17,7,4,1805,124207.690000287,1.6862170087976538,1
IL,DAVIS JUNCTION,"DAVIS JUNCTION, IL",16,5,3,1779,116255.6499999137,1.9924695740475946,0
IL,ELK GROVE VLG,"ELK GROVE VLG, IL",8,4,3,1774,161508.960000249,1.6435541825833557,2
IL,MONTICELLO,"MONTICELLO, IL",26,11,3,1774,107793.949999807,2.964538767160269,1
IL,SOUTH BARRINGTON,"SOUTH BARRINGTON, IL",15,7,4,1764,114487.51000034591,1.8498739094493113,0
IL,PEORIA HEIGHTS,"PEORIA HEIGHTS, IL",17,8,4,1751,115743.999999999,2.56377198632586,0
IL,WILLOW BROOK,"WILLOW BROOK, IL",4,3,3,1743,51092.570000787,1.352770247029599,0
IN,SHIPSHEWANA,"SHIPSHEWANA, IN",11,5,2,1723,106950.550000156,1.7605890289701178,1
IN,NEW CARLISLE,"NEW CARLISLE, IN",11,5,1,1710,117773.139999153,2.2671825328371815,3
IL,COLLINSVILLE,"COLLINSVILLE, IL",23,13,4,1700,91144.889999983,2.1957761969860665,0
IL,HAMILTON,"HAMILTON, IL",7,2,3,1699,104055.059999311,2.2641984746676678,2
IL,ROSEMONT,"ROSEMONT, IL",20,7,6,1689,84708.1999988165,1.8922362697162802,1
IN,LOOGOOTEE,"LOOGOOTEE, IN",14,6,3,1681,78943.87000006999,2.033471741334812,1
IL,NORTHLAKE,"NORTHLAKE, IL",3,2,3,1588,102772.61999958298,1.4421464505310229,1
IL,BROADVIEW,"BROADVIEW, IL",3,3,2,1564,38648.549999695,5.613363714127508,1
IL,MT. ZION,"MT. ZION, IL",8,2,2,1557,109873.739999798,1.691107258256902,0
IL,ROANOKE,"ROANOKE, IL",19,11,2,1556,94292.639999765,2.8432302694063942,0
IL,SUMMIT,"SUMMIT, IL",6,3,3,1530,126306.89000007401,1.7510952579385979,2
IN,SHERIDAN,"SHERIDAN, IN",10,5,1,1523,104623.399999756,2.5307398528668013,2
IL,PROSPECT HEIGHTS,"PROSPECT HEIGHTS, IL",3,3,2,1509,32170.420000518003,6.216921581305819,0
IL,CREVE COEUR,"CREVE COEUR, IL",3,1,1,1507,115403.789999872,1.1133567325364206,1
IL,PANA,"PANA, IL",9,6,3,1507,45504.150000145004,2.816726332520282,0
IN,FORTVILLE,"FORTVILLE, IN",16,8,2,1504,95822.4799999614,1.7025226153089799,0
IN,ORLEANS,"ORLEANS, IN",6,3,1,1501,76880.299999785,1.2989264372203502,0
IL,EAST SAINT LOUIS,"EAST SAINT LOUIS, IL",12,11,5,1496,84290.83000014,2.8693788794112933,1
IL,PAXTON,"PAXTON, IL",5,4,3,1489,33760.779999691,2.827540118318644,0
IL,POLO,"POLO, IL",11,3,3,1483,110519.7400003332,2.564951868283512,3
IN,GARRETT,"GARRETT, IN",14,5,3,1465,86549.6200001214,1.8761846286913089,2
IL,MOUNT MORRIS,"MOUNT MORRIS, IL",1,1,1,1464,25711.980000216,2.369760822793613,1
IL,LA SALLE,"LA SALLE, IL",10,4,2,1458,98556.060000183,1.9251455518178915,0
IL,WORTH,"WORTH, IL",22,9,3,1445,105382.3100004287,1.8248729590660902,1
IL,MOUNT CARMEL,"MOUNT CARMEL, IL",17,10,5,1434,76060.920000206,2.050350106297752,0
IL,TREMONT,"TREMONT, IL",8,4,1,1430,99567.069999999,2.395788218673595,2
IN,HANOVER,"HANOVER, IN",6,2,3,1430,107710.26999966601,2.090130461042417,1
IN,OTTERBEIN,"OTTERBEIN, IN",13,6,2,1428,93560.520000279,1.7745927818517462,0
IL,LITCHFIELD,"LITCHFIELD, IL",20,13,4,1427,94543.919999958,1.8784807750606451,0
IL,LACON,"LACON, IL",6,4,3,1425,68743.77000041399,1.0634445553208822,0
IN,GEORGETOWN,"GEORGETOWN, IN",7,7,2,1420,26537.040000107,2.5849080077070474,0
IL,MINONK,"MINONK, IL",2,2,2,1401,22590.799999339,3.8199604638496836,1
IN,NASHVILLE,"NASHVILLE, IN",8,5,2,1361,84951.200000225,1.7927095093871714,1
IL,STICKNEY,"STICKNEY, IL",10,3,2,1358,107531.230000419,2.043073002992174,1
IL,ROCK FALLS,"ROCK FALLS, IL",7,3,2,1356,88943.070000159,1.715655929566852,1
IL,GENOA,"GENOA, IL",14,6,3,1309,83380.4300000735,1.7082159057388364,1
IL,LE ROY,"LE ROY, IL",3,2,2,1302,41208.920000212,2.495288977246921,1
IN,FLORA,"FLORA, IN",8,2,2,1301,104451.959998615,1.9479247751503315,2
IL,SCHILLER PARK,"SCHILLER PARK, IL",3,2,2,1296,47575.789999721,1.5089257674537915,2
IL,ARLINGOTN HEIGHTS,"ARLINGOTN HEIGHTS, IL",1,1,1,1291,25371.289999893,3.1275471559328096,1
IN,MITCHELL,"MITCHELL, IN",7,3,2,1285,83834.47999983799,1.5419376167732317,1
IL,RIVERWOODS,"RIVERWOODS, IL",8,5,2,1270,99544.729999995,1.3460308734888198,1
IL,CARPENTERSVILLE,"CARPENTERSVILLE, IL",6,5,2,1262,28862.239999734,2.2110169788597203,1
IN,OSSIAN,"OSSIAN, IN",7,4,3,1259,63287.870000099,1.7832666143982105,1
IN,VEVAY,"VEVAY, IN",8,3,1,1257,95096.419999945,2.4630211826189674,3
IL,MT STERLING,"MT STERLING, IL",6,4,3,1241,26868.050000192,1.7173517359563142,0
IL,LEBANON,"LEBANON, IL",8,5,2,1237,53466.090000006996,1.0410232815792781,0
IN,TRAIL CREEK,"TRAIL CREEK, IN",1,1,1,1227,19611.129999945,2.6933464559978444,1
IL,ELBURN,"ELBURN, IL",4,3,3,1218,25335.080000061,2.6639360357851025,0
IL,BRIMFIELD,"BRIMFIELD, IL",4,2,1,1178,83869.229999717,2.6024202170024004,1
IL,EAST MOLINE,"EAST MOLINE, IL",13,7,3,1174,91816.049999486,1.795071536763114,2
IN,DALEVILLE,"DALEVILLE, IN",12,4,2,1174,83487.6400000858,1.618415010396787,1
IL,ROXANA,"ROXANA, IL",2,1,2,1165,88834.140000031,3.6967272817996184,1
IL,MOUNT STERLING,"MOUNT STERLING, IL",3,3,2,1157,25109.049999837,2.9877351684333204,0
IL,LYONS,"LYONS, IL",6,4,4,1155,24852.630000211,2.775161481133164,0
IL,GRANVILLE,"GRANVILLE, IL",5,2,2,1148,84107.339999702,2.3582553485708058,1
IL,ALEDO,"ALEDO, IL",9,5,4,1143,74272.069999738,1.7104746505478952,1
IN,TRAFALGAR,"TRAFALGAR, IN",9,4,1,1136,69509.660000068,1.900796848351659,1
IN,FORT BRANCH,"FORT BRANCH, IN",9,5,3,1135,77499.4599999578,2.1083277638942985,1
IL,SHERMAN,"SHERMAN, IL",8,3,2,1133,90992.820000436,4.669883379399903,2
IL,INGLESIDE,"INGLESIDE, IL",11,3,4,1130,99607.7700000624,3.89784946246758,1
IN,NEW PARIS,"NEW PARIS, IN",8,3,1,1125,78665.180000101,1.857660719011947,1
IL,TRENTON,"TRENTON, IL",6,3,3,1121,63558.460000162,1.450448531240879,0
IL,MOUNT CARROLL,"MOUNT CARROLL, IL",3,2,2,1116,39306.040000152,1.970200733377084,0
IL,PECATONICA,"PECATONICA, IL",2,2,2,1114,25184.840000192,3.4725795184048733,0
IN,GAS CITY,"GAS CITY, IN",7,3,1,1114,68658.740000217,1.6702719029470705,1
IN,CICERO,"CICERO, IN",8,4,3,1103,79454.440000143,2.621533699459839,1
IL,SENECA,"SENECA, IL",6,3,1,1102,83155.040000248,2.2535989050360428,2
IL,ROCHESTER,"ROCHESTER, IL",13,5,3,1100,84666.8999997598,2.3839684816045628,0
IN,BAINBRIDGE,"BAINBRIDGE, IN",12,6,1,1094,64326.88999991,1.4265479530642016,0
IL,MILAN,"MILAN, IL",12,6,2,1088,70685.879999891,1.8545929702979556,0
IL,NEOGA,"NEOGA, IL",5,2,1,1084,57870.149999773,1.9183008044141034,0
IL,CHICAGO HTS,"CHICAGO HTS, IL",4,1,2,1081,62038.939999643,1.9229533101848433,1
IL,CHESTER,"CHESTER, IL",18,10,5,1080,79619.1500002537,3.0424107512240264,0
IL,CISSNA PARK,"CISSNA PARK, IL",1,1,1,1059,17327.720000087997,10.050610705389325,1
IN,INDIANAPOLLIS,"INDIANAPOLLIS, IN",3,1,2,1055,70253.149999989,1.4261552632174885,1
IL,CAIRO,"CAIRO, IL",2,1,1,1048,66379.139999774,2.294524775138144,2
IL,FOX RIVER GRV,"FOX RIVER GRV, IL",4,1,2,1045,63524.540000569,2.0960965442249933,1
IN,FT. WAYNE,"FT. WAYNE, IN",1,1,1,1028,16709.51000048,2.550064292781964,0
IN,VERSAILLES,"VERSAILLES, IN",10,4,4,1024,49683.349999967,1.728300812029458,0
IN,LYNNVILLE,"LYNNVILLE, IN",7,3,1,1022,73312.839999777,1.6712188129641172,1
IN,PETERSBURG,"PETERSBURG, IN",11,6,2,1019,65957.769999982,1.6435175866172982,0
IL,WAPELLA,"WAPELLA, IL",1,1,1,1009,16634.54999987,2.5705863224655743,0
IL,MT VERNON,"MT VERNON, IL",8,4,3,999,64498.700000416,1.1604331993126205,0
IN,BLOOMFIELD,"BLOOMFIELD, IN",6,4,2,986,54436.109999954,2.467739998710475,2
IL,BEVERLY,"BEVERLY, IL",1,1,1,984,16167.439999752,1.422221971537035,0
IN,HAGERSTOWN,"HAGERSTOWN, IN",8,4,1,983,57056.139999957006,3.6092307690333008,1
IN,BRISTOW,"BRISTOW, IN",5,2,2,971,69320.5300000454,1.8163692252009382,1
IN,SPEEDWAY,"SPEEDWAY, IN",2,1,1,968,68396.260000237,1.2996679653940746,1
IL,LEXINGTON,"LEXINGTON, IL",3,1,1,943,77726.270000203,2.054923772974485,1
IL,MONMOUTH,"MONMOUTH, IL",8,6,4,931,68337.060000368,2.4808589873362665,0
IL,MUNSTER,"MUNSTER, IL",1,1,1,929,14010.159999942001,4.613889204127516,0
IL,ORION,"ORION, IL",5,2,2,914,57871.979999975,1.3045704935096687,0
IN,WINAMAC,"WINAMAC, IN",17,7,3,909,54266.550000027004,1.845971543633382,0
IL,MARENGO,"MARENGO, IL",8,4,3,905,67438.01000067679,1.465747389671309,1
IN,RILEY,"RILEY, IN",4,2,1,870,58400.870000179006,1.8587911917072364,1
IL,BRIGHTON,"BRIGHTON, IL",6,3,1,868,60292.290000206995,1.0931751431988956,0
IL,MT. STERLING,"MT. STERLING, IL",1,1,1,868,15770.650000084,4.264319192277073,0
IN,MILFORD,"MILFORD, IN",10,4,1,855,60957.290000025,1.7934002350344733,1
IN,BARGERSVILLE,"BARGERSVILLE, IN",4,2,2,845,31604.040000068,1.9982191910202434,0
IL,ELMWOOD,"ELMWOOD, IL",4,2,1,842,58557.089999712,1.8620740718248077,1
IN,SANTA CLAUS,"SANTA CLAUS, IN",4,2,1,837,58890.759999817994,1.5889776767599926,1
IL,JOLIE,"JOLIE, IL",1,1,1,836,53197.409999799995,1.4380840065981693,1
IN,GOSPORT,"GOSPORT, IN",7,4,3,836,48514.000000068,1.8155560139641531,1
IL,DEER PARK,"DEER PARK, IL",9,3,3,832,65168.7599999868,2.890730518399731,0
IN,ELIZABETH,"ELIZABETH, IN",4,2,2,829,43255.670000153,1.9643248951277417,1
IL,HAVANA,"HAVANA, IL",8,5,4,826,86099.569998009,2.484826913407595,3
IN,WARREN,"WARREN, IN",9,4,2,807,45927.6000000024,1.9449955668495036,0
IN,KOUTS,"KOUTS, IN",4,1,3,799,48139.240000054,3.0021482012237555,1
IL,BARTONVILLE,"BARTONVILLE, IL",5,2,2,797,51660.069999913,2.1299657752151164,0
IL,DURAND,"DURAND, IL",6,2,2,786,39494.989999945,3.1950118989867757,1
IL,SCOTT AIR FORCE BASE,"SCOTT AIR FORCE BASE, IL",6,2,2,780,48873.610000242,1.7416686649949948,0
IN,HOLLAND,"HOLLAND, IN",3,1,1,776,52986.679999857995,1.5417428957837285,1
IL,BRIDGEVIEW,"BRIDGEVIEW, IL",13,4,2,771,50812.459999989,2.8574687140946504,1
IL,ELKGROVE VILLAGE,"ELKGROVE VILLAGE, IL",1,1,1,756,13521.850000344,3.9464332323272977,0
IL,SPARTA,"SPARTA, IL",10,7,3,742,44012.459999759,2.116670614941705,0
IN,WESTVILLE,"WESTVILLE, IN",6,2,2,740,58833.329999418,2.0135113310596795,1
IL,ARTHUR,"ARTHUR, IL",5,2,2,738,51986.29000011,2.0702893464304153,0
IN,BOURBON,"BOURBON, IN",6,2,1,737,38253.629999986995,2.7089547095425295,0
IL,JUSTICE,"JUSTICE, IL",2,1,2,732,45331.389999757,1.537239201815934,1
IL,LANARK,"LANARK, IL",2,1,1,731,47628.509999969,1.64602700212118,1
IN,WANATAH,"WANATAH, IN",5,2,2,729,47368.950000234,2.050400916380298,1
IN,MONTPELIER,"MONTPELIER, IN",5,2,1,728,43707.839999902,1.184797793267463,0
IN,NORTH WEBSTER,"NORTH WEBSTER, IN",6,2,2,712,50616.569999969004,1.8130194396265455,1
IN,DALE,"DALE, IN",6,3,1,710,46269.039999942,1.8875543877714196,0
IL,HAMPSHIRE,"HAMPSHIRE, IL",1,1,1,705,61022.8899999,2.1631116138622293,1
IN,LIGONIER,"LIGONIER, IN",7,3,2,704,34891.1699999768,1.948853150481749,0
IL,NEWTON,"NEWTON, IL",4,2,2,701,32521.519999941,1.477566011485767,0
IL,FAIRVIEW HTS,"FAIRVIEW HTS, IL",1,1,1,698,11424.360000026001,4.31604388630343,1
IL,MOMENCE,"MOMENCE, IL",5,3,1,696,42716.390000109,2.001491340878741,0
IN,PAOLI,"PAOLI, IN",7,5,3,689,38379.989999838,1.0832709498453028,0
IN,RISING SUN,"RISING SUN, IN",6,3,2,689,39653.0399999975,2.7568537213233006,1
IL,NAPERVILE,"NAPERVILE, IL",4,2,3,682,65162.879998892,3.9007257294809983,0
IN,PALMYRA,"PALMYRA, IN",3,1,2,673,50238.659999795,1.9876988661949633,1
IL,RICHMOND,"RICHMOND, IL",5,2,3,672,40407.409999999996,1.6734129805400348,1
IN,SUNMAN,"SUNMAN, IN",3,1,2,668,39809.5200000426,1.1920379734771487,0
IN,EDINBURGH,"EDINBURGH, IN",7,3,2,666,40092.869999976,1.626742750190938,0
IN,SOUTH WHITLEY,"SOUTH WHITLEY, IN",9,4,1,662,37971.849999918995,1.9364973767726856,0
IL,KIRKLAND,"KIRKLAND, IL",3,1,1,658,44751.82000026,1.4259641949389708,1
IL,EAST ALTON,"EAST ALTON, IL",5,2,4,651,40032.2000000536,2.117047705892049,0
IL,HAWTHORN WOODS,"HAWTHORN WOODS, IL",5,2,3,648,23353.049999931,4.054316989897212,0
IN,ALBION,"ALBION, IN",3,2,1,638,42259.460000028,1.6201074386949612,1
IN,ELKART,"ELKART, IN",4,1,2,638,51712.710000523,1.4929320765137768,0
IN,CHURUBUSCO,"CHURUBUSCO, IN",4,2,1,630,36535.630000037,1.7558835660719645,0
IL,HAMPTON,"HAMPTON, IL",4,1,1,628,35816.550000046,2.498123937913393,0
IN,LIZTON,"LIZTON, IN",9,3,3,624,41610.910000231204,1.1222651663250633,1
IN,MARKLE,"MARKLE, IN",4,2,1,623,33813.139999980005,1.823524963039516,0
IN,ORLAND,"ORLAND, IN",1,1,1,620,10440.71000018,2.4824156160324384,0
IN,JAMESTOWN,"JAMESTOWN, IN",4,2,1,614,35026.560000085,1.5411878536882708,0
IN,OSGOOD,"OSGOOD, IN",9,5,2,607,36114.300000003,2.914619913743736,0
IL,IRVINGTON,"IRVINGTON, IL",3,1,2,606,30860.12999994,2.588578744498751,0
IL,CARLINVILLE,"CARLINVILLE, IL",13,8,4,580,41122.32000008,2.7984932860042773,0
IL,PINCKNEYVILLE,"PINCKNEYVILLE, IL",7,5,3,575,35745.62000012,2.637140062830445,0
IL,WEST CHICAGO,"WEST CHICAGO, IL",2,2,1,575,10502.640000105,3.0833481759552033,0
IL,LAWRENCEVILLE,"LAWRENCEVILLE, IL",11,7,4,570,47006.179999994,1.585459368783464,0
IN,THORNTOWN,"THORNTOWN, IN",5,2,2,569,39837.890000086,1.6101403349978745,0
IL,RALEIGH,"RALEIGH, IL",1,1,1,566,8636.86000019,2.4184204750200524,0
IL,MERILLVILLE,"MERILLVILLE, IL",3,1,2,563,43605.070000004,3.0363171624725895,0
IN,SPENCERVILLE,"SPENCERVILLE, IN",1,1,1,562,10128.780000268,7.123969202327811,0
IL,HENRY,"HENRY, IL",2,2,1,558,50515.42000005,1.8055151491857453,1
IL,RICHTON PARK,"RICHTON PARK, IL",10,5,3,558,21726.699999901,1.4710804621637226,0
IN,GRABILL,"GRABILL, IN",10,4,2,550,34117.079999981,1.8759134784928198,0
IL,EL PASO,"EL PASO, IL",7,3,2,549,34984.6199999764,2.9980297061400494,1
IL,TOLEDO,"TOLEDO, IL",2,1,1,544,29483.01000008,1.7201223514980493,0
IL,HINCKLEY,"HINCKLEY, IL",6,2,1,529,26813.300000021998,1.1051952767526263,0
IN,ST. JOHN,"ST. JOHN, IN",4,1,2,523,41063.939999629,2.2788888887882117,0
IL,ROSICLARE,"ROSICLARE, IL",5,3,3,519,38540.830000085,2.0344803436786933,1
IN,WALKERTON,"WALKERTON, IN",3,1,2,519,37032.049999864,2.298799330800859,1
IL,GLENCOE,"GLENCOE, IL",1,1,1,517,9070.409999882,2.501655149985975,0
IL,MAZON,"MAZON, IL",3,1,1,515,29232.080000057,1.0020349592056108,0
IL,EUREKA,"EUREKA, IL",8,5,3,512,40501.470000278,3.402261867828238,0
IL,STRONGHURST,"STRONGHURST, IL",3,1,1,504,35836.000000078995,2.9008721166915024,0
IL,ALPHA,"ALPHA, IL",2,1,1,490,37655.350000736,1.9162357213700343,2
IL,DUNDEE,"DUNDEE, IL",2,1,1,487,36577.999999935,1.6900381228470291,1
IL,INVERNESS,"INVERNESS, IL",4,2,2,485,40024.279999871,1.1956632840713874,1
IN,ARCADIA,"ARCADIA, IN",3,1,1,483,37811.459999839004,1.2669200904312656,1
IN,WILLIAMSPORT,"WILLIAMSPORT, IN",5,4,4,481,44519.429999182,2.3379174852744122,1
IL,FORRESTON,"FORRESTON, IL",2,1,1,477,33154.799999888,1.6491577685814152,0
IN,FAIRLAND,"FAIRLAND, IN",1,1,1,474,7742.819999934,4.294735081380128,0
IL,COUNTRY CLUB HILLS,"COUNTRY CLUB HILLS, IL",5,3,2,473,38124.979999924,2.937758642320571,0
IN,TOPEKA,"TOPEKA, IN",1,1,1,461,23038.019999915,1.539463358434252,1
IL,KNOXVILLE,"KNOXVILLE, IL",4,1,2,454,31126.749999887,1.1065471315382047,1
IL,OGLESBY,"OGLESBY, IL",4,2,1,454,22224.510000093,2.8344207511407724,0
IL,BELLWOOD,"BELLWOOD, IL",7,3,3,451,15807.320000008,3.0428942842613997,0
IL,DOWNER'S GROVE,"DOWNER'S GROVE, IL",5,1,3,449,42492.240000561,2.6606417285443924,0
IL,CENTREVILLE,"CENTREVILLE, IL",6,2,4,431,23203.0300000148,3.3429490609807573,0
IL,SESSER,"SESSER, IL",4,2,2,428,24003.56000009,2.2919068640082356,0
IL,MILLEDGEVILLE,"MILLEDGEVILLE, IL",3,2,2,427,14290.039999975,4.0333196506898075,0
IL,HIGHWOOD,"HIGHWOOD, IL",2,2,2,424,8256.809999848,1.9691518430749158,0
IN,MENTONE,"MENTONE, IN",2,1,1,424,28241.100000093,1.6772086756978322,1
IN,OSCEOLA,"OSCEOLA, IN",5,3,2,423,17826.759999975002,1.4692581582326754,0
IL,SAINT ANNE,"SAINT ANNE, IL",1,1,1,422,6823.359999972,2.163994056095588,0
IN,INDPLS,"INDPLS, IN",5,3,1,422,27187.510000112,2.094375106841699,0
IL,ELK GROVE,"ELK GROVE, IL",2,1,1,411,25235.390000069005,2.295361975832249,0
IN,ALBANY,"ALBANY, IN",2,1,1,411,24935.650000055997,1.1806616505388723,0
IN,HARLAN,"HARLAN, IN",2,1,1,408,25982.239999972,1.5886791750645854,1
IL,DIX,"DIX, IL",1,1,1,407,5936.519999982,1.9759711113277978,0
IL,BEDFORD PARK,"BEDFORD PARK, IL",3,1,2,401,35591.190000021,1.7929674926529215,0
IL,LAKEMOOR,"LAKEMOOR, IL",7,3,3,394,18404.100000041,2.514326993429827,0
IL,FORD HEIGHTS,"FORD HEIGHTS, IL",4,3,1,393,23330.240000089,2.699906094167032,0
IL,NEW BADEN,"NEW BADEN, IL",4,2,2,391,16516.539999897,2.38061372151165,0
IL,AUBURN,"AUBURN, IL",1,1,1,388,21119.040000032,1.093311431512314,0
IL,GALVA,"GALVA, IL",4,2,2,384,25143.010000077,1.870529428867457,0
IL,WARSAW,"WARSAW, IL",6,2,2,372,24885.739999992,2.171425733122841,0
IN,GENEVA,"GENEVA, IN",2,1,1,372,22286.960000016,1.853180485042581,0
IN,HAMILTON,"HAMILTON, IN",2,1,1,371,24155.180000143002,1.618719226778557,0
IN,KNIGHTSTOWN,"KNIGHTSTOWN, IN",2,1,1,371,25905.320000037,1.3035760068396063,0
IL,GARDNER,"GARDNER, IL",2,1,1,366,17680.120000068,1.1017316256408467,0
IN,UNION CITY,"UNION CITY, IN",4,2,3,365,15062.380000029001,2.281888216660075,0
IL,PHILO,"PHILO, IL",1,1,1,364,5300.210000176,4.659234527292188,0
IN,FRANKTON,"FRANKTON, IN",3,1,2,363,20488.300000044,1.1853210867326829,0
IN,MIDDLETOWN,"MIDDLETOWN, IN",7,2,3,352,22031.5200000747,2.1103941103194575,0
IL,STOCKTON,"STOCKTON, IL",2,1,1,351,21443.169999986,1.643468925059411,0
IN,WAKARUSA,"WAKARUSA, IN",3,1,1,344,27282.540000637,1.5522233297713248,0
IL,MC LEANSBORO,"MC LEANSBORO, IL",5,3,4,342,21518.019999859,2.950014237380373,0
IL,SMITHTON,"SMITHTON, IL",3,1,2,340,22088.489999971,2.12297620323792,0
IN,INDIANPOLIS,"INDIANPOLIS, IN",2,2,1,338,41534.53000046,3.2664546488411847,0
IL,FARMINGTON,"FARMINGTON, IL",3,2,2,336,21018.490000038997,1.531211900169503,0
IL,EVASTON,"EVASTON, IL",6,1,1,333,19545.810000068,2.3402203225909055,0
IN,PIERCETON,"PIERCETON, IN",3,1,2,332,15802.109999982998,1.9678189842369174,0
IL,NEWARK,"NEWARK, IL",2,1,1,331,15928.209999874001,1.1341641415589625,0
IL,PEOTONE,"PEOTONE, IL",3,1,1,328,30249.080000465,2.782247396577884,1
IL,VIRGINIA,"VIRGINIA, IL",4,2,1,328,21174.450000088,2.959330685397757,0
IN,BROWNBURG,"BROWNBURG, IN",1,1,1,327,5613.020000079,5.277048032483108,0
IL,ROUND LAKE,"ROUND LAKE, IL",2,2,2,324,21762.890000055002,4.9186830802518005,0
IN,CONVERSE,"CONVERSE, IN",2,1,1,321,19249.659999908,1.6783318325775638,0
IL,WENONA,"WENONA, IL",2,1,1,317,22666.170000133,1.6279616354486897,0
IL,ROODHOUSE,"ROODHOUSE, IL",3,1,2,313,19303.740000094,3.7943916980441466,0
IL,CERRO GORDO,"CERRO GORDO, IL",1,1,1,312,19804.70999988,2.5756060788383572,0
IL,PERORIA,"PERORIA, IL",1,1,1,310,18178.68000006,2.9484724555854602,1
IL,TEUTOPOLIS,"TEUTOPOLIS, IL",1,1,1,310,18687.54000007,4.547794108498005,1
IL,VILLA GROVE,"VILLA GROVE, IL",2,1,1,304,20030.530000027997,1.2299465554716662,0
IL,DOLTON,"DOLTON, IL",3,1,1,302,27587.999999808,1.2069582426894618,0
IN,KENTLAND,"KENTLAND, IN",2,1,1,300,14211.67000006,2.3553091719430235,0
IL,CALUMET PARK,"CALUMET PARK, IL",12,4,2,292,19377.999999983,1.571857021707007,0
IN,"JEFFERSONVILLE,","JEFFERSONVILLE,, IN",2,1,1,290,19462.399999957,3.021358524677832,1
IL,HOOPESTON,"HOOPESTON, IL",6,5,2,284,30949.929999763,2.6077152371809813,0
IL,DUNLAP,"DUNLAP, IL",3,2,2,283,14801.530000127,2.4661730732778246,0
IN,MONROE,"MONROE, IN",5,1,3,271,14544.709999977,1.89287658949019,0
IL,CENTRAILIA,"CENTRAILIA, IL",3,1,2,266,23245.230000072,5.324865184095112,1
IL,CANTRALL,"CANTRALL, IL",1,1,1,264,4009.959999936,5.735517295515202,0
IL,NEW ATHENS,"NEW ATHENS, IL",4,1,2,263,18328.340000007,3.7817817013546984,0
IL,MIDLOTHIAN,"MIDLOTHIAN, IL",6,2,2,262,13621.689999961,2.5784568447897405,0
IN,MONTGOMERY,"MONTGOMERY, IN",3,1,2,259,14572.309999919002,1.7966780385883965,0
IN,SHARPSVILLE,"SHARPSVILLE, IN",2,1,1,256,16514.159999958,1.3764667859057766,0
IL,STEWARDSON,"STEWARDSON, IL",2,1,1,254,15646.4100001,2.555147375807274,0
IL,PLANFIELD,"PLANFIELD, IL",2,1,1,250,16850.830000025002,2.9122598339322883,0
IL,CAMARGO,"CAMARGO, IL",4,2,1,245,13793.880000002,1.784022412864319,0
IL,JOHNSTON CITY,"JOHNSTON CITY, IL",2,1,1,245,11421.009999947999,2.3098899546898695,0
IN,CARLISLE,"CARLISLE, IN",3,2,1,236,8062.170000015999,3.4329583913760686,0
IN,SCHEREVILLE,"SCHEREVILLE, IN",2,1,2,236,13642.569999901,1.9225467114393955,0
IN,W LAFAYETTE,"W LAFAYETTE, IN",2,1,1,236,14572.87000002,1.5237173530374162,0
IL,GILLESPIE,"GILLESPIE, IL",4,3,2,235,12526.949999960001,2.464239265174778,0
IL,ASHLEY,"ASHLEY, IL",2,1,1,229,15713.769999942,2.5720858251295438,1
IN,SWAYZEE,"SWAYZEE, IN",2,1,1,227,12473.429999976,1.6744654740789344,0
IN,MILAN,"MILAN, IN",2,1,1,218,11152.07999998,2.9251759881557016,0
IL,MONTGOMERY,"MONTGOMERY, IL",1,1,1,216,3588.749999928,1.633358539463872,0
IN,VEEDERSBURG,"VEEDERSBURG, IN",3,2,2,213,12390.019999991,1.5398644392482146,0
IN,CULVER,"CULVER, IN",1,1,1,208,3319.799999984,2.8812431657768838,0
IL,SOUTH BELOIT,"SOUTH BELOIT, IL",2,1,1,207,15842.899999969,3.4901405232686544,0
IL,HODGKINS,"HODGKINS, IL",4,2,2,206,13208.380000018,1.036928876401956,0
IN,WEST HARRISON,"WEST HARRISON, IN",3,1,2,204,10486.969999976001,2.0623201612861295,0
IL,ALBION,"ALBION, IL",1,1,1,196,3229.299999968,2.5756692439755504,0
IL,MARKHAM,"MARKHAM, IL",2,1,1,196,12855.33999995,2.7382651866091257,0
IN,CUTLER,"CUTLER, IN",1,1,1,187,23516.68000022,8.39419833258605,1
IN,LANESVILLE,"LANESVILLE, IN",3,1,3,183,9261.879999996001,1.1972861513901822,0
IL,WEST SALEM,"WEST SALEM, IL",1,1,1,179,10535.080000049,3.943631769084581,0
IN,CAMDEN,"CAMDEN, IN",2,1,1,175,7546.709999949,2.233768115411081,0
IN,HUNTERTOWN,"HUNTERTOWN, IN",5,3,1,175,12080.579999921,2.3858569528203737,0
IL,SANDOVAL,"SANDOVAL, IL",2,1,1,171,7461.630000009,3.1532397397520633,0
IL,PETERSBURG,"PETERSBURG, IL",4,2,2,170,9751.609999975999,2.334002560072531,0
IL,CHCIAGO,"CHCIAGO, IL",1,1,1,168,9915.260000016,9.100698712823133,0
IN,NORTH JUDSON,"NORTH JUDSON, IN",2,1,1,168,7663.529999999999,2.752294549716199,0
IN,WHITESTOWN,"WHITESTOWN, IN",1,1,1,168,18183.58999968,8.837143179512646,0
IN,CRAWFORSVILLE,"CRAWFORSVILLE, IN",3,1,1,167,11745.730000015,1.511569352060508,0
IN,LONG BEACH,"LONG BEACH, IN",2,1,2,158,8505.019999954999,2.258847321899971,0
IL,BENLD,"BENLD, IL",2,1,1,154,11283.149999968,1.1244150954343048,0
IL,MOUNT PULASKI,"MOUNT PULASKI, IL",3,1,2,153,9094.469999977,2.8943580835093767,0
IN,CUMBERLAND,"CUMBERLAND, IN",1,1,1,152,11498.290000024,1.5109130534174355,1
IN,DAYTON,"DAYTON, IN",1,1,1,147,2449.7100000660002,4.109336552645029,0
IN,GRIFFIN,"GRIFFIN, IN",4,1,2,146,9842.48999997,1.4967013987350692,0
IN,MC CORDSVILLE,"MC CORDSVILLE, IN",2,1,2,145,7556.390000054,1.210349234883991,0
IN,OAKTOWN,"OAKTOWN, IN",2,1,1,143,9071.489999938,1.402290672063355,0
IL,DUQUOIN,"DUQUOIN, IL",3,2,2,142,13707.820000098001,2.9997780748905254,0
IN,BOGGSTOWN,"BOGGSTOWN, IN",1,1,1,142,14158.160000046,8.955288478182736,1
IL,CAMPAIGN,"CAMPAIGN, IL",2,1,2,138,7298.580000002,3.2222632842337386,0
IL,GIFFORD,"GIFFORD, IL",1,1,1,135,1879.5199999499998,3.0267735242575147,0
IL,HAZELCREST,"HAZELCREST, IL",2,1,1,135,9751.229999967,2.2903404258396316,0
IL,WAYNE CITY,"WAYNE CITY, IL",4,1,2,134,9117.139999972,2.5799019959102782,0
IL,LYNWOOD,"LYNWOOD, IL",1,1,1,131,5843.979999981,2.319374307853835,0
IN,MERRIVILLE,"MERRIVILLE, IN",2,1,1,130,6578.940000048,3.2925499320356977,0
IL,HEYWORTH,"HEYWORTH, IL",1,1,1,128,2018.29,4.385152005810874,0
IL,WALNUT,"WALNUT, IL",2,1,1,127,8885.319999999,2.8168391759966163,0
IL,MARSEILLES,"MARSEILLES, IL",2,1,2,126,5361.47000005,2.9644911024430254,0
IL,ELWOOD,"ELWOOD, IL",1,1,1,117,7646.469999947999,1.2026620093947336,0
IN,MISHIWAKA,"MISHIWAKA, IN",2,1,2,113,7678.710000021,7.093061522135972,0
IL,EAST ST LOUIS,"EAST ST LOUIS, IL",3,2,3,112,11843.180000056,1.9080439025652962,0
IL,EAST DUBUQUE,"EAST DUBUQUE, IL",3,1,2,111,7018.630000006,3.17806055508426,0
IL,COULTERVILLE,"COULTERVILLE, IL",3,1,1,106,4469.339999999001,2.270881189177383,0
IL,MACNEAL,"MACNEAL, IL",2,1,1,106,7311.290000073001,2.661297745654715,0
IN,FREMONT,"FREMONT, IN",2,1,1,105,4712.680000011,1.913625900881576,0
IL,MONTROSE,"MONTROSE, IL",1,1,1,104,5212.290000008,6.731919618386013,0
IN,PEKIN,"PEKIN, IN",3,1,2,100,7237.290000018,1.7923045530581518,0
IN,BUTLER,"BUTLER, IN",2,1,1,98,5600.999999986,1.6695128114960482,0
IN,CHARLOTTESVILLE,"CHARLOTTESVILLE, IN",2,1,1,94,4996.279999998001,1.6224866443712491,0
IN,MONTEREY,"MONTEREY, IN",3,1,2,94,4706.579999977,1.5840390365507746,0
IL,CUBA,"CUBA, IL",2,1,1,92,4483.419999976,2.405321812634308,0
IL,WATSON,"WATSON, IL",2,1,1,91,3212.43,3.0531571325571996,0
IN,MUNICE,"MUNICE, IN",2,1,2,90,10177.689999880002,2.779402569523165,0
IL,BRIDGEPORT,"BRIDGEPORT, IL",2,1,1,89,4960.359999988,3.0093690448279578,0
IL,INDIAN HEAD PARK,"INDIAN HEAD PARK, IL",1,1,1,89,1501.41999996,2.55971803882597,0
IL,CATLIN,"CATLIN, IL",2,1,2,85,4911.950000015,4.116080311428107,0
IL,SHEFFIELD,"SHEFFIELD, IL",1,1,1,82,4911.520000011999,2.9547940532719026,0
IN,MILROY,"MILROY, IN",3,2,1,78,3769.469999992,1.49093137255685,0
IL,ROBBINS,"ROBBINS, IL",3,2,1,77,3553.179999975,2.511431282932908,0
IL,TILTON,"TILTON, IL",2,1,1,77,4462.409999971,2.0587907740946894,0
IN,JEFFERSONVLLE,"JEFFERSONVLLE, IN",5,3,3,76,5047.049999989,2.7522049051588744,0
IL,CARRIER MILLS,"CARRIER MILLS, IL",1,1,1,73,9452.59999979,7.08853584153372,0
IL,BRAIDWOOD,"BRAIDWOOD, IL",2,1,1,72,3982.5499999999997,1.1053438759807097,0
IN,CLAYTON,"CLAYTON, IN",3,1,2,71,3664.419999989,1.8814860649050023,0
IN,RICHLAND,"RICHLAND, IN",2,1,1,70,3091.810000006,1.8136943532150718,0
IL,PORT BYRON,"PORT BYRON, IL",3,1,2,68,3315.229999996,1.9325791791413485,0
IL,SCOTT AFB,"SCOTT AFB, IL",1,1,1,68,3916.7100000279997,2.1025694228308605,0
IN,BROOK,"BROOK, IN",2,1,1,68,1446.990000025,2.504908381054152,0
IN,OTWELL,"OTWELL, IN",1,1,1,67,3416.370000005,1.171971344715606,0
IN,HENRYVILLE,"HENRYVILLE, IN",1,1,1,66,1076.869999986,2.728657430964637,0
IL,MT. CARMEL,"MT. CARMEL, IL",1,1,1,65,3107.820000025,1.7006812289586313,0
IN,CLAY CITY,"CLAY CITY, IN",2,1,1,62,2697.420000007,2.037245154428309,0
IN,UNION MILLS,"UNION MILLS, IN",1,1,1,59,3710.739999995,2.0340357933310727,0
IL,BLANDINSVILLE,"BLANDINSVILLE, IL",1,1,1,55,2786.19,1.6263404412570792,0
IL,RIVERDALE,"RIVERDALE, IL",2,1,1,55,3657.7199999970003,2.5852123624165815,0
IL,WILLIAMSVILLE,"WILLIAMSVILLE, IL",2,1,1,55,2611.30999998,5.687388711013096,0
IL,HIDALGO,"HIDALGO, IL",1,1,1,51,2501.699999976,7.007748876515749,0
IL,"MT.CARMEL, IL 62863","MT.CARMEL, IL 62863, IL",1,1,1,47,2474.6699999770003,1.593621818775518,0
IL,STAUNTON,"STAUNTON, IL",2,2,1,43,5483.48000013,9.415606412549375,0
IL,LEWISTOWN,"LEWISTOWN, IL",1,1,1,42,1910.900000016,1.6223448791148671,0
IN,ODON,"ODON, IN",1,1,1,42,2569.98,1.1867692186026042,0
IL,N BARRINGTON,"N BARRINGTON, IL",1,1,1,38,3399.880000008,1.4447683683895014,0
IN,NEW PALASTINE,"NEW PALASTINE, IN",1,1,1,37,1911.890000011,1.923454438387967,0
IN,CAMBRIDGE CITY,"CAMBRIDGE CITY, IN",2,2,1,31,2131.15,1.8310523715319231,0
IL,BARRY,"BARRY, IL",1,1,1,30,300.75999999000004,6.1432030440812175,0
IL,ERIE,"ERIE, IL",2,1,2,30,773.25,2.597115220939523,0
IN,BLOOMINGDALE,"BLOOMINGDALE, IN",1,1,1,30,1739.3999999999999,1.882592205793437,0
IN,FT WAYNE,"FT WAYNE, IN",1,1,1,29,2330.350000008,1.013856032443393,0
IL,PORT BARRINGTON,"PORT BARRINGTON, IL",1,1,1,27,1809.2700000000002,2.663179170134348,0
IN,WEST TERRE HAUTE,"WEST TERRE HAUTE, IN",1,1,1,25,1445.7,1.8875307240402528,0
IN,ARGOS,"ARGOS, IN",1,1,1,23,1163.020000011,2.82028798860875,0
IL,COLONA,"COLONA, IL",1,1,1,22,1210.480000004,3.7167901384717887,0
IN,AUSTIN,"AUSTIN, IN",1,1,1,21,1207.319999991,3.6723946784922394,0
IN,EATON,"EATON, IN",1,1,1,19,913.290000003,2.305135719364794,0
IN,CAYUGA,"CAYUGA, IN",1,1,1,18,754.390000008,1.9834311911911315,0
IN,CLOVERDALE,"CLOVERDALE, IN",1,1,1,18,889.29,2.3224349727126032,0
IL,PALMYRA,"PALMYRA, IL",1,1,1,17,617.370000001,1.6638420472858908,0
IL,SAUGET,"SAUGET, IL",1,1,1,17,661.020000004,1.9573547084052187,0
IL,DANVERS,"DANVERS, IL",1,1,1,16,823.34,2.501352082206598,0
IL,PINGREE GROVE,"PINGREE GROVE, IL",1,1,1,15,843.6,1.116973745798051,0
IN,INDIANAPOLISQ,"INDIANAPOLISQ, IN",1,1,1,15,620.689999995,1.7827163777123771,0
IL,N RIVERSIDE,"N RIVERSIDE, IL",1,1,1,14,465.480000006,1.6921291820091302,0
IN,CASTLETON,"CASTLETON, IN",1,1,1,13,1320.93,1.0200474940326445,0
IL,STONE PARK,"STONE PARK, IL",1,1,1,12,662.16,2.598902685532775,0
IL,VIRGNIA,"VIRGNIA, IL",1,1,1,12,234.44000000399998,2.7939780279397803,0
