year,rendering_npi,provider_name,provider_state,provider_city,provider_type,hcpcs_code,hcpcs_description,operations_group,service_family,place_of_service_label,total_services,total_beneficiaries,estimated_medicare_payment,services_per_beneficiary,payment_per_service,charge_to_allowed_ratio,service_growth_rate,payment_growth_rate,operational_priority_score,operational_priority_decile
2024,1508949827,"Alexander, Anthony",IN,SEYMOUR,Interventional Pain Management,99215,"Established patient office or other outpatient visit with high level of medical decision making, if using time, 40 minutes or more",Core visits,Established patient office visit,Office,562,108,74133.55000184,5.203703703703703,131.91023132,2.4521578585264487,2.4060606060606062,3.138417952916173,105.95533082243556,10
2024,1104082809,"Farhat, Mohamed",IN,CROWN POINT,Hematology-Oncology,99215,"Established patient office or other outpatient visit with high level of medical decision making, if using time, 40 minutes or more",Core visits,Established patient office visit,Office,745,210,79987.35999805,3.5476190476190474,107.36558389,2.9964657908493453,0.9300518134715026,0.5765656933456702,105.63317056106355,10
2024,1063605921,"Beck, Jeffrey",IN,TERRE HAUTE,Physical Medicine and Rehabilitation,99214,"Established patient office or other outpatient visit with moderate level of decision making, if using time, 30 minutes or more",Core visits,Established patient office visit,Office,1342,531,123787.280000296,2.5273069679849343,92.240894188,6.3008944374768445,1.1750405186385737,1.1743582393352656,105.27112436199381,10
2024,1548668148,"Alkaddoumi, Yaseen",IL,ORLAND PARK,Hematology-Oncology,99215,"Established patient office or other outpatient visit with high level of medical decision making, if using time, 40 minutes or more",Core visits,Established patient office visit,Office,737,148,108552.63999756,4.97972972972973,147.28987788,2.3302814706836723,2.0204918032786887,2.4476905479713533,104.35003059929124,10
2024,1669777074,"Wan, Alan",IL,MCHENRY,Hematology-Oncology,99215,"Established patient office or other outpatient visit with high level of medical decision making, if using time, 40 minutes or more",Core visits,Established patient office visit,Office,1100,327,147760.340002,3.363914373088685,134.32758182,2.430188428469788,0.6224188790560472,0.5984811867700962,104.17337254154181,10
2024,1710367008,"Faruqi, Fahad",IL,WARRENVILLE,Hematology-Oncology,99215,"Established patient office or other outpatient visit with high level of medical decision making, if using time, 40 minutes or more",Core visits,Established patient office visit,Office,969,358,145627.78000323,2.706703910614525,150.28666667,2.284014144014828,0.9264413518886679,1.00932751701328,103.70111594632401,10
2024,1801243738,"Numan, Yazan",IL,ORLAND PARK,Hematology-Oncology,99215,"Established patient office or other outpatient visit with high level of medical decision making, if using time, 40 minutes or more",Core visits,Established patient office visit,Office,1094,239,162243.58999968,4.577405857740586,148.30309872,2.2671438398519226,0.5970802919708029,0.6544015856399864,103.59702499252153,10
2024,1235315995,"Oommen, Bino",IL,DES PLAINES,Internal Medicine,99214,"Established patient office or other outpatient visit with moderate level of decision making, if using time, 30 minutes or more",Core visits,Established patient office visit,Office,1519,287,145169.789999941,5.2926829268292686,95.56931533899998,2.8957034592391855,0.6333333333333333,0.5125185391833296,103.55135848438641,10
2024,1669861449,"Breen, Michael",IL,LIBERTYVILLE,Hematology-Oncology,99215,"Established patient office or other outpatient visit with high level of medical decision making, if using time, 40 minutes or more",Core visits,Established patient office visit,Office,633,192,68607.59999796,3.296875,108.38483412000001,2.7619492383003856,1.5731707317073171,1.6310912986128636,103.37624803773194,10
2024,1477879567,"Tandra, Pavan Kumar",IL,CHICAGO,Medical Oncology,99214,"Established patient office or other outpatient visit with moderate level of decision making, if using time, 30 minutes or more",Core visits,Established patient office visit,Office,1775,538,167025.5900006,3.299256505576208,94.098923944,2.7225119945174874,0.9766146993318485,0.9399043506559297,102.89886172923947,10
2024,1174740435,"Chunduri, Sandeep",IL,CRYSTAL LAKE,Hematology-Oncology,99215,"Established patient office or other outpatient visit with high level of medical decision making, if using time, 40 minutes or more",Core visits,Established patient office visit,Office,690,258,73747.2300012,2.6744186046511627,106.88004348000001,2.70943547527619,0.9884726224783862,0.9020253785395245,102.88968186113654,10
2024,1811153034,"Seba, Amber",IL,LIBERTYVILLE,Internal Medicine,99215,"Established patient office or other outpatient visit with high level of medical decision making, if using time, 40 minutes or more",Core visits,Established patient office visit,Office,507,115,56815.22000037,4.408695652173913,112.06157791,2.7192432216584286,2.595744680851064,2.5765256435532913,102.86645829377318,10
2024,1023736337,"Grimes, Stephanie",IN,MUNCIE,Nurse Practitioner,99214,"Established patient office or other outpatient visit with moderate level of decision making, if using time, 30 minutes or more",Core visits,Established patient office visit,Office,1123,303,83575.179999591,3.706270627062706,74.421353517,3.3793429055941777,0.35138387484957884,0.3914509901448308,102.54322997257545,10
2024,1548442007,"James, Edward",IL,PARK RIDGE,Internal Medicine,99215,"Established patient office or other outpatient visit with high level of medical decision making, if using time, 40 minutes or more",Core visits,Established patient office visit,Office,466,110,53065.16000206,4.236363636363636,113.87373391,2.7065270250177362,2.4014598540145986,2.5370123750309763,102.4862927275719,10
2024,1497813927,"Mclean, Keith",IN,MADISON,Cardiology,99214,"Established patient office or other outpatient visit with moderate level of decision making, if using time, 30 minutes or more",Core visits,Established patient office visit,Office,510,208,44698.53999978,2.451923076923077,87.644196078,2.801571855853936,4.930232558139535,4.55895294256776,102.39986807529509,10
2024,1689690521,"Zielinski, Anjanette",IN,LA PORTE,Nurse Practitioner,99214,"Established patient office or other outpatient visit with moderate level of decision making, if using time, 30 minutes or more",Core visits,Established patient office visit,Office,671,192,49329.050000142,3.4947916666666665,73.515722802,2.7061646036392926,8.067567567567568,8.773799451937041,102.33104417962625,10
2024,1154342293,"Hashimi, May",IL,CHICAGO,Hematology-Oncology,99215,"Established patient office or other outpatient visit with high level of medical decision making, if using time, 40 minutes or more",Core visits,Established patient office visit,Office,502,202,55497.34000024,2.485148514851485,110.55247012000001,4.171235508892448,0.38292011019283745,0.3731394614396071,102.29314401648644,10
2024,1770627184,"Dalal, Jay",IL,HINSDALE,Hematology-Oncology,99215,"Established patient office or other outpatient visit with high level of medical decision making, if using time, 40 minutes or more",Core visits,Established patient office visit,Office,577,192,64322.51999841,3.0052083333333335,111.47750433,2.9462722323555184,0.3264367816091954,0.34999464802792457,102.28718913851456,10
2024,1689788630,"Davis, Dennon",IL,MOUNT VERNON,Family Practice,99214,"Established patient office or other outpatient visit with moderate level of decision making, if using time, 30 minutes or more",Core visits,Established patient office visit,Office,1105,446,93431.950000025,2.477578475336323,84.553800905,3.28704834573868,1.214428857715431,0.9805898613154328,102.24149643622879,10
2024,1437101714,"Levy, David",IL,CHICAGO,Family Practice,99214,"Established patient office or other outpatient visit with moderate level of decision making, if using time, 30 minutes or more",Core visits,Established patient office visit,Office,762,296,65689.779999654,2.574324324324324,86.207060367,4.061077040392044,1.3591331269349844,1.1674080003144474,102.1382667248673,10
2024,1912163114,"Dawravoo, Kevin",IL,WARRENVILLE,Hematology-Oncology,99215,"Established patient office or other outpatient visit with high level of medical decision making, if using time, 40 minutes or more",Core visits,Established patient office visit,Office,455,152,69341.01999824999,2.9934210526315788,152.39784615,2.2751577932017866,2.1818181818181817,2.289832649909542,102.08665288267309,10
2024,1487636478,"Weyburn, Thomas",IL,CRYSTAL LAKE,Hematology-Oncology,99215,"Established patient office or other outpatient visit with high level of medical decision making, if using time, 40 minutes or more",Core visits,Established patient office visit,Office,473,182,52188.690000589995,2.598901098901099,110.33549683,2.7444186669108808,1.8841463414634145,1.8912408548533792,102.06696861948144,10
2024,1134562150,"Hussain, Nida",IL,MCHENRY,Hematology-Oncology,99215,"Established patient office or other outpatient visit with high level of medical decision making, if using time, 40 minutes or more",Core visits,Established patient office visit,Office,444,173,66000.83999976,2.566473988439306,148.65054054,2.2925644179670317,4.414634146341464,5.2284157472991835,102.04629650129334,10
2024,1174563811,"Mcgrath, Kris",IL,CHICAGO,Allergy/ Immunology,99215,"Established patient office or other outpatient visit with high level of medical decision making, if using time, 40 minutes or more",Core visits,Established patient office visit,Office,440,229,57283.449999599994,1.9213973799126638,130.18965909,3.2738844364729194,0.47157190635451507,0.44815131658249396,102.02688117999044,10
2024,1659323046,"Emmert, Jennifer",IN,LAFAYETTE,Nurse Practitioner,99214,"Established patient office or other outpatient visit with moderate level of decision making, if using time, 30 minutes or more",Core visits,Established patient office visit,Office,774,213,56052.04000019399,3.6338028169014085,72.418656331,6.490780452788261,0.36991150442477877,0.42316508521487656,101.99378930581922,10
2024,1417328675,"Cox, Nancy",IN,GARY,Nurse Practitioner,99214,"Established patient office or other outpatient visit with moderate level of decision making, if using time, 30 minutes or more",Core visits,Established patient office visit,Office,821,87,57530.140000372,9.436781609195402,70.073252132,3.127384542407203,0.4608540925266904,0.4046054735828134,101.95444236265168,10
2024,1124036769,"Raiker, Krishnakant",IN,MUNSTER,Cardiology,99214,"Established patient office or other outpatient visit with moderate level of decision making, if using time, 30 minutes or more",Core visits,Established patient office visit,Office,1229,407,101865.890000404,3.01965601965602,82.885183076,2.3095506388566833,0.4825090470446321,0.6563521644163606,101.89971382013474,10
2024,1649240276,"Jandali, Asaad",IN,MUNSTER,Pulmonary Disease,99215,"Established patient office or other outpatient visit with high level of medical decision making, if using time, 40 minutes or more",Core visits,Established patient office visit,Office,858,465,108847.5700026,1.8451612903225807,126.8619697,1.7142720784535648,2.075268817204301,1.9856286156736749,101.74494077153274,10
2024,1245580604,"Pandey, Anita",IL,ROLLING MEADOWS,Hematology-Oncology,99215,"Established patient office or other outpatient visit with high level of medical decision making, if using time, 40 minutes or more",Core visits,Established patient office visit,Office,753,159,108662.59000026,4.735849056603773,144.30622842,2.1104881551569687,0.7717647058823529,0.7903806815695663,101.7137413272142,10
2024,1457341281,"Alcorn, George",IN,MADISON,Internal Medicine,99215,"Established patient office or other outpatient visit with high level of medical decision making, if using time, 40 minutes or more",Core visits,Established patient office visit,Office,380,206,47830.110001400004,1.8446601941747574,125.86871053000002,2.420639517233522,0.42857142857142855,0.35381390839598653,101.56747624879425,10
2024,1801886205,"Kumar, Supriya",IN,MARION,Physical Medicine and Rehabilitation,99232,"Subsequent hospital care with moderate levelof medical decision making, if using time, at least 35 minutes",Follow-up and acuity,Subsequent hospital or follow-up care,Facility,1760,354,108597.3099992,4.971751412429379,61.703017045,2.9692583345417427,2.4577603143418467,2.678791849365139,101.54691822486063,10
2024,1508174376,"Braik, Tareq",IN,VALPARAISO,Hematology-Oncology,99214,"Established patient office or other outpatient visit with moderate level of decision making, if using time, 30 minutes or more",Core visits,Established patient office visit,Office,1645,529,144227.44999971,3.109640831758034,87.676261398,2.15772590922542,0.31705364291433147,0.31990915408580367,101.50584202041021,10
2024,1215183934,"Nelson, Valerie",IL,CHICAGO,Hematology-Oncology,99215,"Established patient office or other outpatient visit with high level of medical decision making, if using time, 40 minutes or more",Core visits,Established patient office visit,Office,408,124,58599.94999944,3.2903225806451615,143.62732843,2.3295140732110022,0.8888888888888888,0.8510073626762888,101.3910615993918,10
2024,1528309705,"Gordon, Olena",IL,NILES,Family Practice,99214,"Established patient office or other outpatient visit with moderate level of decision making, if using time, 30 minutes or more",Core visits,Established patient office visit,Office,763,288,83845.4200003,2.6493055555555554,109.8891481,2.550497301639422,0.45610687022900764,0.5794764969918149,101.36162165181679,10
2024,1366042202,"Duncan, Angela",IL,QUINCY,Nurse Practitioner,99214,"Established patient office or other outpatient visit with moderate level of decision making, if using time, 30 minutes or more",Core visits,Established patient office visit,Office,797,256,65779.060000293,3.11328125,82.533324969,2.77844083488057,18.925,18.801041541328416,101.32681697493156,10
2024,1295735058,"Birhiray, Ruemu",IN,INDIANAPOLIS,Hematology-Oncology,99215,"Established patient office or other outpatient visit with high level of medical decision making, if using time, 40 minutes or more",Core visits,Established patient office visit,Office,670,264,84929.8599969,2.537878787878788,126.76098507,3.1794066187025147,0.14726027397260275,0.13616915449795847,101.31224640735881,10
2024,1730715756,"Parsell, Connor",IN,CRAWFORDSVILLE,Emergency Medicine,99285,Emergency department visit with high level of medical decision making,Follow-up and acuity,Emergency or high-acuity evaluation,Facility,378,328,47225.21000022,1.1524390243902438,124.93441799,13.636563192159146,1.1849710982658959,1.1086307245011444,101.3072707243578,10
2024,1235450420,"Goreshi, Renato",IN,MERRILLVILLE,Dermatology,99213,"Established patient office or other outpatient visit with low level od decision making, if using time, 20 minutes or more",Core visits,Established patient office visit,Office,956,474,64037.559999532,2.0168776371308015,66.984895397,3.0428921145222265,0.6175972927241963,0.6360895662733456,101.29860942485185,10
2024,1851599179,"Srour, Bassem",IN,MUNSTER,Pulmonary Disease,99215,"Established patient office or other outpatient visit with high level of medical decision making, if using time, 40 minutes or more",Core visits,Established patient office visit,Office,665,215,84714.77000070001,3.0930232558139537,127.39063158000002,1.7233135995351652,0.4910313901345291,0.4598386048038914,101.27795472644003,10
2024,1962635110,"Mohindra, Nisha",IL,CHICAGO,Medical Oncology,99215,"Established patient office or other outpatient visit with high level of medical decision making, if using time, 40 minutes or more",Core visits,Established patient office visit,Office,400,102,58358.83,3.9215686274509802,145.897075,2.3189191618712917,0.6949152542372882,0.7732139660766023,101.1511822891988,10
2024,1770946519,"Qin, Shuai",IN,MUNSTER,Internal Medicine,99215,"Established patient office or other outpatient visit with high level of medical decision making, if using time, 40 minutes or more",Core visits,Established patient office visit,Office,367,187,48056.23999908,1.9625668449197862,130.94343324,1.9923998838737698,4.825396825396825,5.09735468803976,101.11813085069619,10
2024,1124449558,"Pond, Robin",IL,CRYSTAL LAKE,Physician Assistant,99214,"Established patient office or other outpatient visit with moderate level of decision making, if using time, 30 minutes or more",Core visits,Established patient office visit,Office,460,126,38131.37000014,3.6507936507936507,82.894282609,5.949211537094783,9.952380952380953,10.051033479478976,101.1013490791227,10
2024,1033218664,"Rau, David",IN,COLUMBUS,Family Practice,99215,"Established patient office or other outpatient visit with high level of medical decision making, if using time, 40 minutes or more",Core visits,Established patient office visit,Office,447,156,54605.82999897,2.8653846153846154,122.16069351,2.0275903610449606,0.3032069970845481,0.34443076085370206,100.87645116436131,10
2024,1023700838,"Robinson, Roxanne",IN,PORTAGE,Nurse Practitioner,99214,"Established patient office or other outpatient visit with moderate level of decision making, if using time, 30 minutes or more",Core visits,Established patient office visit,Office,1023,436,76174.169999796,2.346330275229358,74.461554252,2.20244637323365,33.1,31.65003750460663,100.76859591772582,10
2024,1508036559,"Mensah, Felix",IN,INDIANAPOLIS,Hematopoietic Cell Transplantation and Cellular Therapy,99215,"Established patient office or other outpatient visit with high level of medical decision making, if using time, 40 minutes or more",Core visits,Established patient office visit,Facility,439,130,44700.01999978,3.376923076923077,101.82236902,2.548794402851929,1.2512820512820513,1.2760031975125279,100.76594932865514,10
2024,1811949035,"Geeta, Manjeet",IN,PORTAGE,Family Practice,99214,"Established patient office or other outpatient visit with moderate level of decision making, if using time, 30 minutes or more",Core visits,Established patient office visit,Office,2120,541,161874.90000072002,3.918669131238447,76.356084906,1.955897985744738,2.7389770723104054,2.7421423631137185,100.7331699541131,10
2024,1174162754,"Varner, Katina",IN,CROWN POINT,Nurse Practitioner,99214,"Established patient office or other outpatient visit with moderate level of decision making, if using time, 30 minutes or more",Core visits,Established patient office visit,Office,510,175,36375.29999997,2.914285714285714,71.324117647,2.802669237870254,17.214285714285715,19.100848787587587,100.70757956399297,10
2024,1831176874,"Jano, Ghassan",IN,MUNSTER,Hematology-Oncology,99214,"Established patient office or other outpatient visit with moderate level of decision making, if using time, 30 minutes or more",Core visits,Established patient office visit,Office,944,334,81012.80999998399,2.8263473053892216,85.818654661,2.0425770242916323,0.6590509666080844,0.7733898305917617,100.59923027568308,10
2024,1134521115,"Sheppard, Lynn",IL,AURORA,Nurse Practitioner,99215,"Established patient office or other outpatient visit with high level of medical decision making, if using time, 40 minutes or more",Core visits,Established patient office visit,Office,707,170,88456.07999725,4.158823529411765,125.11468174999999,1.9610706359552266,9.246376811594203,9.954747432008725,100.56780152628073,10
2024,1063442051,"Cha, Daniel",IL,SKOKIE,Anesthesiology,99213,"Established patient office or other outpatient visit with low level od decision making, if using time, 20 minutes or more",Core visits,Established patient office visit,Office,702,221,47805.95000025,3.176470588235294,68.099643875,4.150357003618126,1.2356687898089171,1.2129249282434302,100.42905959638563,10
2024,1497937890,"Khan, Mansoor",IN,EVANSVILLE,Pain Management,99214,"Established patient office or other outpatient visit with moderate level of decision making, if using time, 30 minutes or more",Core visits,Established patient office visit,Office,401,122,31641.099999884,3.2868852459016393,78.905486284,5.415210381642807,0.6708333333333333,0.47044731366348463,100.39899503238522,10
2024,1790718617,"Mehta, Jayesh",IL,CHICAGO,Hematology,99215,"Established patient office or other outpatient visit with high level of medical decision making, if using time, 40 minutes or more",Core visits,Established patient office visit,Office,3534,769,510788.16000264,4.5955786736020805,144.53541596,2.333777461702019,0.17878585723815876,0.16603363890720346,100.37715848978253,10
2024,1639521669,"Kalvoda, Natalie",IL,BOLINGBROOK,Nurse Practitioner,99214,"Established patient office or other outpatient visit with moderate level of decision making, if using time, 30 minutes or more",Core visits,Established patient office visit,Office,613,137,49598.439999978,4.474452554744525,80.910995106,2.6800065728236846,2.6927710843373496,2.3755453106374373,100.33084275276263,10
2024,1629488002,"Khan, Shaan",IN,LA PORTE,Pain Management,99214,"Established patient office or other outpatient visit with moderate level of decision making, if using time, 30 minutes or more",Core visits,Established patient office visit,Office,863,252,73236.839999873,3.4246031746031744,84.863082271,6.276579468336968,0.2709867452135493,0.20429955464576285,100.3187621739156,10
2024,1609267533,"Schieber, Michael",IL,LAKE FOREST,Hematology-Oncology,99214,"Established patient office or other outpatient visit with moderate level of decision making, if using time, 30 minutes or more",Core visits,Established patient office visit,Office,1014,350,103689.82000181999,2.8971428571428572,102.25820512999998,2.383261258715861,0.3134715025906736,0.4562978566465038,100.21710773866437,10
2024,1326272469,"Rampurwala, Murtuza",IL,CHICAGO,Hematology-Oncology,99215,"Established patient office or other outpatient visit with high level of medical decision making, if using time, 40 minutes or more",Core visits,Established patient office visit,Office,730,205,107312.940002,3.5609756097560976,147.0040274,3.165355850536139,0.012482662968099861,0.03835831061955297,100.17891298820452,10
2024,1306256839,"Meier, Anne",IN,HOBART,Hematology-Oncology,99214,"Established patient office or other outpatient visit with moderate level of decision making, if using time, 30 minutes or more",Core visits,Established patient office visit,Office,1158,431,101851.509999984,2.6867749419953597,87.954671848,1.9076280927748008,0.8178963893249608,0.7995993410943836,100.14788987769451,10
2024,1568865731,"Zinkovich, Kimberley",IN,TERRE HAUTE,Nurse Practitioner,99214,"Established patient office or other outpatient visit with moderate level of decision making, if using time, 30 minutes or more",Core visits,Established patient office visit,Office,868,315,65671.18999966001,2.7555555555555555,75.65805299500002,2.2266668114504755,0.5390070921985816,0.4857368901978923,100.10284734568368,10
2024,1407102338,"Abdyrakov, Almaz",IN,HAMMOND,Internal Medicine,99232,"Subsequent hospital care with moderate levelof medical decision making, if using time, at least 35 minutes",Follow-up and acuity,Subsequent hospital or follow-up care,Facility,1004,291,65389.769999952005,3.450171821305842,65.129252988,3.4112204765491865,0.4200848656294201,0.3623777001823331,100.00592363688978,10
2024,1821180381,"Hanberg, Steven",IN,ELKHART,Internal Medicine,99214,"Established patient office or other outpatient visit with moderate level of decision making, if using time, 30 minutes or more",Core visits,Established patient office visit,Office,523,165,43127.580000058,3.16969696969697,82.461912046,2.3160113831290032,0.5072046109510087,0.6325320998090036,99.98844174621128,10
2024,1447663539,"Wiele, Andrew",IL,ELMHURST,Hematology-Oncology,99215,"Established patient office or other outpatient visit with high level of medical decision making, if using time, 40 minutes or more",Core visits,Established patient office visit,Facility,635,165,76661.3099994,3.8484848484848486,120.72647244,2.602250318868328,0.5679012345679012,0.6465998701934561,99.92133143855939,10
2024,1306256839,"Meier, Anne",IN,HOBART,Hematology-Oncology,99215,"Established patient office or other outpatient visit with high level of medical decision making, if using time, 40 minutes or more",Core visits,Established patient office visit,Office,376,145,46933.76999888,2.593103448275862,124.82385638000001,1.8244182789251928,0.88,0.8046535789054364,99.92038197139931,10
2024,1396856506,"Husain, Arshad",IN,CROWN POINT,Medical Oncology,99215,"Established patient office or other outpatient visit with high level of medical decision making, if using time, 40 minutes or more",Core visits,Established patient office visit,Facility,372,131,37427.1400008,2.8396946564885495,100.61059139999999,2.582877036898646,0.8325123152709359,0.6050440745795819,99.8717060456616,10
2024,1336142728,"Allaw, Mohammed",IN,NEWBURGH,Internal Medicine,99232,"Subsequent hospital care with moderate levelof medical decision making, if using time, at least 35 minutes",Follow-up and acuity,Subsequent hospital or follow-up care,Facility,1140,192,65540.8000005,5.9375,57.49192982500001,2.9204542281152963,1.389937106918239,1.338258457563583,99.85375434077507,10
2024,1013940501,"Singhal, Seema",IL,CHICAGO,Hematology-Oncology,99215,"Established patient office or other outpatient visit with high level of medical decision making, if using time, 40 minutes or more",Core visits,Established patient office visit,Office,1022,195,145220.37000099997,5.241025641025641,142.0942955,2.336038877546612,0.18561484918793503,0.1746423020352555,99.83279247462245,10
2024,1053340695,"Michel, Steve",IL,OAK PARK,Internal Medicine,99214,"Established patient office or other outpatient visit with moderate level of decision making, if using time, 30 minutes or more",Core visits,Established patient office visit,Office,517,197,45456.449999938995,2.6243654822335025,87.923500967,4.085173391733291,0.4048913043478261,0.4475387054180045,99.82449616776702,10
2024,1942647813,"Miller, Adam",IN,INDIANAPOLIS,Hematology-Oncology,99215,"Established patient office or other outpatient visit with high level of medical decision making, if using time, 40 minutes or more",Core visits,Established patient office visit,Office,491,120,53799.03000217,4.091666666666667,109.57032587,4.3558405550607855,0.12100456621004566,0.11935912422431405,99.81773931496565,10
2024,1730494915,"Saqlain, Muhammad Uzair",IN,ELKHART,Hematology-Oncology,99214,"Established patient office or other outpatient visit with moderate level of decision making, if using time, 30 minutes or more",Core visits,Established patient office visit,Office,472,143,41560.12000004,3.300699300699301,88.051101695,2.3163714813027028,0.3563218390804598,0.3844208467380025,99.7961881894048,10
2024,1730533985,"Awad, Malak",IN,MUNSTER,Rheumatology,99214,"Established patient office or other outpatient visit with moderate level of decision making, if using time, 30 minutes or more",Core visits,Established patient office visit,Office,438,188,39187.489999938,2.3297872340425534,89.469155251,2.2477518552675857,3.2941176470588234,2.87903543522657,99.78948542286274,10
2024,1437656105,"Thenozhiyil, Manjusha",IN,COLUMBUS,Internal Medicine,99214,"Established patient office or other outpatient visit with moderate level of decision making, if using time, 30 minutes or more",Core visits,Established patient office visit,Office,813,334,69243.93000011699,2.434131736526946,85.17088560899998,2.1225878096621247,0.3371710526315789,0.3651917163299683,99.75062931260919,10
2024,1790746774,"Patel, Satish",IN,MUNSTER,Internal Medicine,99214,"Established patient office or other outpatient visit with moderate level of decision making, if using time, 30 minutes or more",Core visits,Established patient office visit,Office,506,165,38479.789999860004,3.066666666666667,76.04701581,2.330199868356619,1.3211009174311927,1.1160926202400334,99.72993911278579,10
2024,1740256783,"Rao, Subramanya",IL,TINLEY PARK,Hematology-Oncology,99215,"Established patient office or other outpatient visit with high level of medical decision making, if using time, 40 minutes or more",Core visits,Established patient office visit,Office,587,259,61274.90999799,2.2664092664092665,104.38655877,2.25576154769952,0.9058441558441559,0.7697440474221646,99.71789779712822,10
2024,1821096785,"Kim, Joseph",IL,CHICAGO,Podiatry,99214,"Established patient office or other outpatient visit with moderate level of decision making, if using time, 30 minutes or more",Core visits,Established patient office visit,Office,525,219,53130.63,2.3972602739726026,101.2012,2.5215679826777873,0.9516728624535316,0.9707733292032249,99.71545604275096,10
2024,1164629945,"Sager, Solomon",IL,SCHAUMBURG,Cardiology,99214,"Established patient office or other outpatient visit with moderate level of decision making, if using time, 30 minutes or more",Core visits,Established patient office visit,Office,2110,831,214501.4400064,2.539109506618532,101.65945024,2.9797215823927736,0.2928921568627451,0.3091667054540139,99.62653739506806,10
2024,1174573281,"Chapala, Vijaya",IN,VALPARAISO,Internal Medicine,99214,"Established patient office or other outpatient visit with moderate level of decision making, if using time, 30 minutes or more",Core visits,Established patient office visit,Office,675,265,56029.349999699996,2.547169811320755,83.006444444,2.137259959458593,0.40625,0.530688432573799,99.55468048944702,10
2024,1508983628,"Afshari, Zahra",IL,GLENVIEW,Neurology,99215,"Established patient office or other outpatient visit with high level of medical decision making, if using time, 40 minutes or more",Core visits,Established patient office visit,Office,619,151,88533.93000283,4.099337748344371,143.02735057,1.9311913428226664,0.4738095238095238,0.4424518540312493,99.54852875664218,10
2024,1861864175,"Majcher, Catherine",IL,NILES,Nurse Practitioner,99214,"Established patient office or other outpatient visit with moderate level of decision making, if using time, 30 minutes or more",Core visits,Established patient office visit,Office,659,160,57379.620000109004,4.11875,87.070743551,2.5846818494274135,0.3340080971659919,0.33551731506174226,99.53394098775647,10
2024,1942459292,"Smith, Eleanor",IL,WINNETKA,Internal Medicine,99215,"Established patient office or other outpatient visit with high level of medical decision making, if using time, 40 minutes or more",Core visits,Established patient office visit,Office,347,190,50014.21000041,1.8263157894736841,144.13317003,3.8922342410675004,2.8555555555555556,2.828027281430969,99.51154769556544,10
2024,1215056296,"Holemon, Lance",IL,CHICAGO,Psychiatry,99214,"Established patient office or other outpatient visit with moderate level of decision making, if using time, 30 minutes or more",Core visits,Established patient office visit,Office,438,40,34178.880000114,10.95,78.033972603,4.496136197250236,0.8024691358024691,0.814644309032292,99.51102094737004,10
2024,1417159377,"Tubic, Goran",IL,BOLINGBROOK,Pain Management,99214,"Established patient office or other outpatient visit with moderate level of decision making, if using time, 30 minutes or more",Core visits,Established patient office visit,Office,1165,496,120663.84000235,2.348790322580645,103.57411159,2.1429756514656373,0.7868098159509203,0.8667698468317683,99.51031661119472,10
2024,1578544334,"Doshi, Parag",IL,SCHAUMBURG,Interventional Cardiology,99214,"Established patient office or other outpatient visit with moderate level of decision making, if using time, 30 minutes or more",Core visits,Established patient office visit,Office,2426,1108,245508.86999682,2.1895306859205776,101.19903957,2.9879252902127442,0.44061757719714967,0.5398046444008767,99.46161638078593,10
2024,1710151550,"Heretis, Katherine",IL,OAK PARK,Cardiology,99214,"Established patient office or other outpatient visit with moderate level of decision making, if using time, 30 minutes or more",Core visits,Established patient office visit,Office,430,138,41782.399999990004,3.1159420289855073,97.16837209300002,2.989348534158672,0.3782051282051282,0.424247702601725,99.45305580625362,10
2024,1154325959,"Sanapati, Mahendra",IN,EVANSVILLE,Interventional Pain Management,99213,"Established patient office or other outpatient visit with low level od decision making, if using time, 20 minutes or more",Core visits,Established patient office visit,Office,1343,536,75045.119999755,2.5055970149253732,55.878719285,4.220826452509141,0.3389830508474576,0.437767443573437,99.41971406024379,10
2024,1649051103,"Scott, Drew",IN,EVANSVILLE,Physician Assistant,99214,"Established patient office or other outpatient visit with moderate level of decision making, if using time, 30 minutes or more",Core visits,Established patient office visit,Office,860,342,65450.379999779994,2.5146198830409356,76.105093023,1.9682565984446334,22.243243243243242,20.335673887223997,99.40064513771236,10
2024,1730122268,"Miller, Michael",IN,INDIANAPOLIS,General Surgery,99214,"Established patient office or other outpatient visit with moderate level of decision making, if using time, 30 minutes or more",Core visits,Established patient office visit,Office,741,243,48379.459999923,3.049382716049383,65.289419703,2.176998541302772,3.1864406779661016,2.3551436285034115,99.37005935368533,10
2024,1407273774,"Ceilesh, Alyssa",IL,ROCKFORD,Medical Oncology,99215,"Established patient office or other outpatient visit with high level of medical decision making, if using time, 40 minutes or more",Core visits,Established patient office visit,Facility,488,126,51538.699998079996,3.873015873015873,105.61209016,3.5602880038561344,0.36312849162011174,0.3941036097810413,99.35747569725875,10
2024,1487270401,"Facer, Braxton",IN,EVANSVILLE,Podiatry,99213,"Established patient office or other outpatient visit with low level od decision making, if using time, 20 minutes or more",Core visits,Established patient office visit,Office,512,212,33432.489999872,2.4150943396226414,65.297832031,2.600160457603876,2.3684210526315788,2.2936596601440713,99.34082260428394,10
2024,1295888105,"Robbins, Joel",IL,ARLINGTON HEIGHTS,Cardiology,99215,"Established patient office or other outpatient visit with high level of medical decision making, if using time, 40 minutes or more",Core visits,Established patient office visit,Office,913,464,115723.57000182,1.9676724137931034,126.75089814,1.9786572512108351,0.6569872958257713,0.6576413088290989,99.33943108450146,10
2024,1346282126,"Kondelis, Nicholas",IL,OAK BROOK,Pain Management,99214,"Established patient office or other outpatient visit with moderate level of decision making, if using time, 30 minutes or more",Core visits,Established patient office visit,Office,1179,184,113971.409999505,6.407608695652174,96.667862595,2.8461175385680018,0.24761904761904763,0.21274499735979893,99.32307796401622,10
2024,1679101075,"Mundakkal, Alan",IN,HOBART,Emergency Medicine,99285,Emergency department visit with high level of medical decision making,Follow-up and acuity,Emergency or high-acuity evaluation,Facility,578,521,72314.72000096,1.109404990403071,125.11197232,7.647981087541001,1.9340101522842639,1.8087825920819331,99.31043641366747,10
2024,1780142356,"Bingman, Ashley",IL,SWANSEA,Nurse Practitioner,99214,"Established patient office or other outpatient visit with moderate level of decision making, if using time, 30 minutes or more",Core visits,Established patient office visit,Office,767,236,63241.430000307,3.25,82.452972621,2.406966205777103,0.8661800486618005,1.1498800323416896,99.21391501978046,10
2024,1639271943,"Hanna, Mark",IL,WINFIELD,Anesthesiology,99214,"Established patient office or other outpatient visit with moderate level of decision making, if using time, 30 minutes or more",Core visits,Established patient office visit,Office,710,288,66030.74999998,2.4652777777777777,93.00105633800001,2.5184372489036178,0.3446969696969697,0.5617187651548161,99.2004420357477,10
2024,1578513362,"Kesani, Mohan",IN,MUNSTER,Cardiology,99214,"Established patient office or other outpatient visit with moderate level of decision making, if using time, 30 minutes or more",Core visits,Established patient office visit,Office,1407,525,121420.669999923,2.68,86.297562189,3.0554696786612934,0.11401425178147269,0.1128772254463499,99.19883215262567,10
2024,1487096368,"Shah, Rikin",IN,VALPARAISO,Emergency Medicine,99285,Emergency department visit with high level of medical decision making,Follow-up and acuity,Emergency or high-acuity evaluation,Facility,507,480,62925.81999873,1.05625,124.11404339,13.613363926308418,0.3665768194070081,0.30587527260813363,99.17428370350368,10
2024,1952860736,"Snyder, William",IN,NOBLESVILLE,Family Practice,99214,"Established patient office or other outpatient visit with moderate level of decision making, if using time, 30 minutes or more",Core visits,Established patient office visit,Office,372,165,31277.980000056,2.2545454545454544,84.080591398,2.632388961211835,1.4,1.4116974882096138,99.06755945626438,10
2024,1891769303,"Zorub, Ossama",IN,MICHIGAN CITY,Internal Medicine,99214,"Established patient office or other outpatient visit with moderate level of decision making, if using time, 30 minutes or more",Core visits,Established patient office visit,Office,537,133,49233.579999839996,4.037593984962406,91.68264432,3.6202214890257243,0.16993464052287582,0.07037991702162702,99.04492759263809,10
2024,1598728453,"Kagan, Aleksandr",IL,SPRINGFIELD,Ophthalmology,99213,"Established patient office or other outpatient visit with low level od decision making, if using time, 20 minutes or more",Core visits,Established patient office visit,Office,811,252,52065.289999608,3.2182539682539684,64.198877928,4.707238061645768,0.31655844155844154,0.3290658300542763,99.03738994825915,10
2024,1891140174,"Esparaz, David",IL,SCHAUMBURG,Anesthesiology,99214,"Established patient office or other outpatient visit with moderate level of decision making, if using time, 30 minutes or more",Core visits,Established patient office visit,Office,811,323,84706.08000076,2.5108359133126936,104.44646116000001,2.108464870397567,0.8860465116279069,1.2246545467398144,98.97828303473398,10
2024,1841723582,"Kelly, Shayne",IN,EVANSVILLE,Orthopedic Surgery,99213,"Established patient office or other outpatient visit with low level od decision making, if using time, 20 minutes or more",Core visits,Established patient office visit,Office,510,261,33277.10999994,1.9540229885057472,65.249235294,2.5729216533706887,4.666666666666667,4.67802882937981,98.93808320541933,10
2024,1992723589,"Shah, Saurabh",IL,HINSDALE,Clinical Cardiac Electrophysiology,99215,"Established patient office or other outpatient visit with high level of medical decision making, if using time, 40 minutes or more",Core visits,Established patient office visit,Office,382,204,53139.20999956,1.8725490196078431,139.10787958,2.8812987259500704,1.2738095238095237,1.1971079939009963,98.92777177799672,10
2024,1316464035,"Yorkman, Anastasia",IN,MUNSTER,Nurse Practitioner,99214,"Established patient office or other outpatient visit with moderate level of decision making, if using time, 30 minutes or more",Core visits,Established patient office visit,Office,488,141,35487.47000008,3.4609929078014185,72.72022541,2.2088017295008067,2.753846153846154,2.5779430150285223,98.92001597884996,10
2024,1336370915,"Farah, Bachir",IL,O FALLON,Hematology-Oncology,99214,"Established patient office or other outpatient visit with moderate level of decision making, if using time, 30 minutes or more",Core visits,Established patient office visit,Office,1143,310,105807.12000039901,3.6870967741935483,92.569658793,2.030639164854268,1.019434628975265,0.9186948820487655,98.909876426061,10
2024,1790848190,"Wurst, Kevin",IN,NEW ALBANY,Emergency Medicine,99285,Emergency department visit with high level of medical decision making,Follow-up and acuity,Emergency or high-acuity evaluation,Facility,887,836,107310.70000015,1.0610047846889952,120.98162345,8.941027396805346,0.47833333333333333,0.38003845464620933,98.87920841237434,10
2024,1245899046,"Frey, Caleb",IN,EVANSVILLE,Family Practice,99214,"Established patient office or other outpatient visit with moderate level of decision making, if using time, 30 minutes or more",Core visits,Established patient office visit,Office,627,230,50131.039999854,2.726086956521739,79.953811802,2.099363046327232,0.4547563805104408,0.410092769405359,98.8014958511875,10
2024,1174937106,"Sivagnanam, Milani",IN,MUNSTER,Nephrology,99214,"Established patient office or other outpatient visit with moderate level of decision making, if using time, 30 minutes or more",Core visits,Established patient office visit,Office,674,334,66485.56000003,2.0179640718562872,98.643264095,2.551974654982645,0.6201923076923077,0.484500016736181,98.77898737364713,10
2024,1326193541,"Dongre, Vinayak",IL,PLAINFIELD,Family Practice,99215,"Established patient office or other outpatient visit with high level of medical decision making, if using time, 40 minutes or more",Core visits,Established patient office visit,Facility,461,98,56423.47999834,4.704081632653061,122.39366594,2.5881291798939032,0.5680272108843537,0.6406500201164086,98.77104278653904,10
2024,1386248359,"Cady, Brittany",IN,MUNSTER,Nurse Practitioner,99214,"Established patient office or other outpatient visit with moderate level of decision making, if using time, 30 minutes or more",Core visits,Established patient office visit,Office,535,201,41782.22999988,2.6616915422885574,78.097626168,2.049281951082419,3.147286821705426,3.055782967973132,98.75076001880454,10
2024,1609534791,"Vandermark, James",IN,SCHERERVILLE,Nurse Practitioner,99214,"Established patient office or other outpatient visit with moderate level of decision making, if using time, 30 minutes or more",Core visits,Established patient office visit,Office,563,194,42784.670000254,2.902061855670103,75.994085258,2.054247243918962,1.8724489795918366,1.7329453885846482,98.72684535935511,10
2024,1174522189,"Sriratana, Pramern",IL,NORMAL,Hematology-Oncology,99214,"Established patient office or other outpatient visit with moderate level of decision making, if using time, 30 minutes or more",Core visits,Established patient office visit,Office,1050,398,96789.8500002,2.6381909547738696,92.180809524,2.0601530148886718,1.8846153846153846,1.8582673421625422,98.69315098746935,10
2024,1649446444,"Khan, Rashid",IN,MISHAWAKA,Medical Oncology,99214,"Established patient office or other outpatient visit with moderate level of decision making, if using time, 30 minutes or more",Core visits,Established patient office visit,Office,1238,545,109371.710000414,2.2715596330275227,88.345484653,2.6533629599658957,0.19038461538461537,0.18062592597833083,98.68059462467437,10
2024,1700270154,"Heng, Joseph",IL,CHICAGO,Hematology-Oncology,99215,"Established patient office or other outpatient visit with high level of medical decision making, if using time, 40 minutes or more",Core visits,Established patient office visit,Facility,528,149,63551.179998240004,3.5436241610738257,120.36208333,2.604755476793309,0.3367088607594937,0.40912238468106105,98.65601423672159,10
2024,1275201360,"Banks, Cristen",IL,PEORIA,Nurse Practitioner,99213,"Established patient office or other outpatient visit with low level od decision making, if using time, 20 minutes or more",Core visits,Established patient office visit,Office,2542,655,146099.539999666,3.880916030534351,57.47424862300001,2.9842198781454603,0.3615425816818425,0.3625293548642391,98.5892911036899,10
2024,1265751127,"Ghannad, Leda",IN,MUNSTER,Sports Medicine,99214,"Established patient office or other outpatient visit with moderate level of decision making, if using time, 30 minutes or more",Core visits,Established patient office visit,Office,703,319,62375.56999977,2.2037617554858935,88.72769559,2.609412439147577,0.44650205761316875,0.41527723069640454,98.55806856821461,10
2024,1144601378,"Maryfield, Jordan",IN,SEYMOUR,Internal Medicine,99215,"Established patient office or other outpatient visit with high level of medical decision making, if using time, 40 minutes or more",Core visits,Established patient office visit,Facility,508,115,53625.5799978,4.417391304347826,105.56216535,2.7652394648545395,0.263681592039801,0.2651481120365231,98.52073372910708,10
2024,1376317388,"Grzenia, Brenda",IL,ORLAND PARK,Nurse Practitioner,99214,"Established patient office or other outpatient visit with moderate level of decision making, if using time, 30 minutes or more",Core visits,Established patient office visit,Office,575,122,47557.56,4.713114754098361,82.7088,2.280458439579313,11.777777777777779,10.779253975330658,98.51537853697144,10
2024,1629045778,"Abdulmassih, Abdulmassih",IL,CHICAGO,Family Practice,99214,"Established patient office or other outpatient visit with moderate level of decision making, if using time, 30 minutes or more",Core visits,Established patient office visit,Office,2015,612,182448.48000047498,3.292483660130719,90.545151365,2.0455386848044976,0.4805290227773696,0.5469163413671752,98.45454089281597,10
2024,1316054208,"Grandfield, Christopher",IN,LA PORTE,Podiatry,99213,"Established patient office or other outpatient visit with low level od decision making, if using time, 20 minutes or more",Core visits,Established patient office visit,Office,541,299,34572.439999869,1.8093645484949832,63.904695009,2.492840380573696,6.955882352941177,8.289072071923096,98.42619619538746,10
2024,1447356704,"Bush, Jocelyn",IN,INDIANAPOLIS,Interventional Pain Management,99214,"Established patient office or other outpatient visit with moderate level of decision making, if using time, 30 minutes or more",Core visits,Established patient office visit,Office,659,177,54790.520000092,3.7231638418079096,83.141911988,5.17095781684625,0.07504078303425775,0.00787399836668942,98.37989508538483,10
2024,1972586568,"Belamkar, Vinayak",IN,INDIANAPOLIS,Interventional Pain Management,99214,"Established patient office or other outpatient visit with moderate level of decision making, if using time, 30 minutes or more",Core visits,Established patient office visit,Office,787,122,70912.61999978,6.450819672131147,90.10498094,2.2484051091207164,0.23161189358372458,0.2288874759453773,98.36356917101733,10
2024,1265671127,"Lynam, John",IN,VALPARAISO,Urology,99214,"Established patient office or other outpatient visit with moderate level of decision making, if using time, 30 minutes or more",Core visits,Established patient office visit,Office,1125,670,108204.99999975,1.6791044776119404,96.182222222,2.511569431401919,2.3582089552238807,2.2346637091457966,98.3558997916363,10
2024,1548445927,"Gandev, George",IN,EVANSVILLE,Pulmonary Disease,99232,"Subsequent hospital care with moderate levelof medical decision making, if using time, at least 35 minutes",Follow-up and acuity,Subsequent hospital or follow-up care,Facility,996,109,57399.78000018,9.137614678899082,57.630301205,2.483669175657769,0.7504393673110721,0.7270488172899521,98.35017638533728,10
2024,1235892431,"Thomas, Nicolas",IL,PARIS,Nurse Practitioner,99214,"Established patient office or other outpatient visit with moderate level of decision making, if using time, 30 minutes or more",Core visits,Established patient office visit,Office,1931,426,169691.820000196,4.532863849765258,87.877690316,1.7672119216489637,4.923312883435583,4.801576518505502,98.33096878222233,10
2024,1154881175,"Fisseha, Anteneh",IN,EVANSVILLE,Hospitalist,99232,"Subsequent hospital care with moderate levelof medical decision making, if using time, at least 35 minutes",Follow-up and acuity,Subsequent hospital or follow-up care,Facility,711,200,42046.830000207,3.555,59.137594937,2.8267228387160284,2.091304347826087,1.7819421471538697,98.30885730041106,10
2024,1366760910,"Dolny, Sandra",IN,INDIANAPOLIS,Physician Assistant,99214,"Established patient office or other outpatient visit with moderate level of decision making, if using time, 30 minutes or more",Core visits,Established patient office visit,Office,1062,218,74066.38999982999,4.871559633027523,69.742363465,5.9741818105108,0.13099041533546327,0.05665272849914755,98.28660285234164,10
2024,1841289527,"Bonaminio, Phyllis",IL,OAK LAWN,Rheumatology,99214,"Established patient office or other outpatient visit with moderate level of decision making, if using time, 30 minutes or more",Core visits,Established patient office visit,Office,787,307,73758.260000174,2.563517915309446,93.720787802,2.2838413341462207,0.35456110154905335,0.34050649660236343,98.2803159282072,10
2024,1942204508,"Devine, Thomas",IN,VALPARAISO,Internal Medicine,99215,"Established patient office or other outpatient visit with high level of medical decision making, if using time, 40 minutes or more",Core visits,Established patient office visit,Office,543,263,65542.72999878,2.064638783269962,120.70484346,2.221060218742138,0.14799154334038056,0.23613797086494323,98.27832527316264,10
2024,1578702361,"Symowicz, Jay",IL,OLYMPIA FIELDS,Emergency Medicine,99285,Emergency department visit with high level of medical decision making,Follow-up and acuity,Emergency or high-acuity evaluation,Facility,428,403,52766.2900004,1.0620347394540943,123.2857243,13.668116544274717,0.539568345323741,0.45704507496619234,98.27572730183307,10
2024,1285778472,"Dehnee, Abed",IL,SKOKIE,Interventional Cardiology,99215,"Established patient office or other outpatient visit with high level of medical decision making, if using time, 40 minutes or more",Core visits,Established patient office visit,Office,432,227,58247.64000000001,1.9030837004405285,134.8325,2.106446537273702,0.8947368421052632,0.8047187328361193,98.24607693704502,10
2024,1508838939,"Ansert, Donald",IN,NEW ALBANY,Podiatry,99213,"Established patient office or other outpatient visit with low level od decision making, if using time, 20 minutes or more",Core visits,Established patient office visit,Office,1027,506,63804.640000231004,2.0296442687747036,62.127205453,2.2051223143796586,0.43435754189944137,0.49406247022754274,98.22118537926683,10
2024,1639181084,"Kaplan, Edward",IL,MORTON GROVE,Medical Oncology,99214,"Established patient office or other outpatient visit with moderate level of decision making, if using time, 30 minutes or more",Core visits,Established patient office visit,Office,592,283,61113.51000272,2.091872791519435,103.23228041,3.093080548741855,0.9158576051779935,0.9043810090541585,98.21366458785744,10
2024,1295888923,"Pallone, Jennifer",IN,MERRILLVILLE,Neurology,99215,"Established patient office or other outpatient visit with high level of medical decision making, if using time, 40 minutes or more",Core visits,Established patient office visit,Office,447,172,57319.69999935,2.5988372093023258,128.23199105,1.6007971079433552,0.37962962962962965,0.3988681603177559,98.20027080922505,10
2024,1386694230,"Bhagwat, Ravi",IN,MUNSTER,Cardiology,99214,"Established patient office or other outpatient visit with moderate level of decision making, if using time, 30 minutes or more",Core visits,Established patient office visit,Office,1185,478,100960.64999941499,2.4790794979079496,85.198860759,3.0578594778328725,0.04774535809018567,0.044617805914317625,98.19715037985968,10
2024,1578637245,"Andoh, Henry",IN,MUNSTER,Infectious Disease,99232,"Subsequent hospital care with moderate levelof medical decision making, if using time, at least 35 minutes",Follow-up and acuity,Subsequent hospital or follow-up care,Facility,1162,169,66447.840000318,6.875739644970414,57.184027539,2.606853849372602,0.43103448275862066,0.4219832271306521,98.15316468073426,10
2024,1447363585,"Bailey, Shawn",IL,GRANVILLE,Family Practice,99214,"Established patient office or other outpatient visit with moderate level of decision making, if using time, 30 minutes or more",Core visits,Established patient office visit,Office,944,374,70252.98999977601,2.5240641711229945,74.420540254,2.359584747419198,1.5376344086021505,1.0984747649937292,98.12402682460406,10
2024,1760414437,"Garg, Praveen",IL,SPRINGFIELD,Hematology-Oncology,99214,"Established patient office or other outpatient visit with moderate level of decision making, if using time, 30 minutes or more",Core visits,Established patient office visit,Office,754,289,68546.559999866,2.6089965397923875,90.910557029,4.823830929461333,0.1911532385466035,0.18302761192302805,98.10676463305717,10
2024,1053350140,"Anwar, Karim",IN,JASPER,Hematology-Oncology,99214,"Established patient office or other outpatient visit with moderate level of decision making, if using time, 30 minutes or more",Core visits,Established patient office visit,Facility,716,225,50451.310000224,3.1822222222222223,70.462723464,2.7379122255721535,0.44646464646464645,0.40585019126804567,98.07081905477452,10
2024,1215498118,"Khiella, Marco",IN,DYER,Internal Medicine,99232,"Subsequent hospital care with moderate levelof medical decision making, if using time, at least 35 minutes",Follow-up and acuity,Subsequent hospital or follow-up care,Facility,442,138,28024.64999984,3.2028985507246377,63.40418552,6.140873685111125,1.9664429530201342,1.8748449718447346,98.00126125243928,10
2024,1841372299,"Eisner, Robert",IL,EVANSTON,Hematology-Oncology,99215,"Established patient office or other outpatient visit with high level of medical decision making, if using time, 40 minutes or more",Core visits,Established patient office visit,Office,664,250,101287.20000304001,2.656,152.54096386,2.274914855903469,0.14285714285714285,0.21580083026300492,97.97493408868615,10
2024,1073563821,"Walker, Jacqueline",IL,WESTCHESTER,Family Practice,99215,"Established patient office or other outpatient visit with high level of medical decision making, if using time, 40 minutes or more",Core visits,Established patient office visit,Office,437,275,54541.339998949996,1.589090909090909,124.80855834999998,2.8637022508802463,1.3621621621621622,1.2854658585389593,97.93376211133504,10
2024,1386172245,"Dhami, Kanwarpreet",IL,CHICAGO,Internal Medicine,99232,"Subsequent hospital care with moderate levelof medical decision making, if using time, at least 35 minutes",Follow-up and acuity,Subsequent hospital or follow-up care,Facility,619,60,39993.33000019201,10.316666666666666,64.609579968,3.2803156357845205,3.654135338345865,3.548505964676327,97.92254906327267,10
2024,1932208063,"Kassar, Amer",IL,DEKALB,Internal Medicine,99215,"Established patient office or other outpatient visit with high level of medical decision making, if using time, 40 minutes or more",Core visits,Established patient office visit,Office,684,245,83003.20999848,2.7918367346938777,121.34972222,2.560680680392091,0.07042253521126761,0.03503740452082557,97.87886029140607,10
2024,1760596886,"Rock, Michael",IL,CHICAGO,Interventional Pain Management,99214,"Established patient office or other outpatient visit with moderate level of decision making, if using time, 30 minutes or more",Core visits,Established patient office visit,Office,1809,295,183271.63000626,6.132203389830509,101.31101714,4.589270398003183,-0.005497526113249038,0.021584636680368557,97.8425238971432,10
2024,1699824482,"Pettigrew, Arthur",IL,BOLINGBROOK,Family Practice,99214,"Established patient office or other outpatient visit with moderate level of decision making, if using time, 30 minutes or more",Core visits,Established patient office visit,Office,476,186,39987.840000052,2.5591397849462365,84.008067227,2.919086034177982,0.3877551020408163,0.3125562519295169,97.83255098724545,10
2024,1528015344,"Tumuluri, Vinay",IN,LA PORTE,Internal Medicine,99214,"Established patient office or other outpatient visit with moderate level of decision making, if using time, 30 minutes or more",Core visits,Established patient office visit,Office,1542,600,120786.539999748,2.57,78.331089494,2.410789901452336,0.26705012325390304,0.24763192078601093,97.82765616866635,10
2024,1992286868,"Gloude, Christopher",IL,ORLAND PARK,Nurse Practitioner,99232,"Subsequent hospital care with moderate levelof medical decision making, if using time, at least 35 minutes",Follow-up and acuity,Subsequent hospital or follow-up care,Facility,1814,126,97202.40999995399,14.396825396825397,53.584570011,3.3148706825989476,1.0022075055187638,0.9466302103133097,97.8249109445347,10
2024,1487098141,"Katipally, Swapna",IN,MUNCIE,Nephrology,99232,"Subsequent hospital care with moderate levelof medical decision making, if using time, at least 35 minutes",Follow-up and acuity,Subsequent hospital or follow-up care,Facility,834,252,50141.280000066,3.3095238095238093,60.121438849,2.564079367804269,0.8954545454545455,0.8632677329235539,97.82485073157935,10
2024,1720177504,"Hubert, Stanley",IN,NEW ALBANY,Emergency Medicine,99285,Emergency department visit with high level of medical decision making,Follow-up and acuity,Emergency or high-acuity evaluation,Facility,547,515,68647.00999935,1.062135922330097,125.49727605000001,8.917404254424339,0.4134366925064599,0.37423335358206544,97.79508468649794,10
2024,1356393219,"Oliver, Randall",IN,EVANSVILLE,Interventional Pain Management,99213,"Established patient office or other outpatient visit with low level od decision making, if using time, 20 minutes or more",Core visits,Established patient office visit,Office,810,211,51808.39000029,3.838862559241706,63.960975309,1.9059715396422563,1.0506329113924051,1.1912948624815003,97.78516365173101,10
2024,1457732166,"Williamson, Joseph",IN,RICHMOND,Pain Management,99214,"Established patient office or other outpatient visit with moderate level of decision making, if using time, 30 minutes or more",Core visits,Established patient office visit,Office,616,221,52534.200000128,2.7873303167420813,85.282792208,3.0708751742426346,0.1079136690647482,0.06710135434496244,97.73681647273504,10
2024,1457858318,"Nagarsheth, Nirav",IL,GURNEE,Rheumatology,99214,"Established patient office or other outpatient visit with moderate level of decision making, if using time, 30 minutes or more",Core visits,Established patient office visit,Office,457,182,44612.759999908994,2.510989010989011,97.620919037,2.212033175190611,5.82089552238806,5.308499190439418,97.72256970679375,10
2024,1720038680,"Asfour, Wail",IN,MUNSTER,Cardiology,99214,"Established patient office or other outpatient visit with moderate level of decision making, if using time, 30 minutes or more",Core visits,Established patient office visit,Office,1312,563,111877.709999904,2.330373001776199,85.272644817,2.8687803590258674,0.03225806451612903,0.04015549099755779,97.71700255286771,10
2024,1366821449,"Tolbert, Ashley",IN,INDIANAPOLIS,Pain Management,99214,"Established patient office or other outpatient visit with moderate level of decision making, if using time, 30 minutes or more",Core visits,Established patient office visit,Office,620,170,52181.040000040004,3.6470588235294117,84.162967742,4.908992775496821,0.011419249592169658,-0.008642195547332893,97.71381962998312,10
2024,1013909241,"Wegg, Daniel",IN,WINCHESTER,Family Practice,99214,"Established patient office or other outpatient visit with moderate level of decision making, if using time, 30 minutes or more",Core visits,Established patient office visit,Office,1086,347,85429.490000238,3.1296829971181555,78.664355433,3.0490587038830896,0.01780693533270853,-0.004049345257652237,97.70628330942709,10
2024,1649499237,"Goldberg, Dennis",IL,SPRINGFIELD,Emergency Medicine,99285,Emergency department visit with high level of medical decision making,Follow-up and acuity,Emergency or high-acuity evaluation,Facility,554,495,74220.00999772,1.1191919191919193,133.97113718,7.252086013703415,0.4205128205128205,0.3456040975974039,97.62132591089431,10
2024,1689221905,"Garofalo, Sandra",IN,INDIANAPOLIS,Nurse Practitioner,99214,"Established patient office or other outpatient visit with moderate level of decision making, if using time, 30 minutes or more",Core visits,Established patient office visit,Office,558,287,42754.360000067994,1.9442508710801394,76.620716846,3.8689430650833456,3.7288135593220337,3.602459131116517,97.61175007683013,10
2024,1689886962,"Ontiveros, Evelena",IL,DECATUR,Hematology-Oncology,99214,"Established patient office or other outpatient visit with moderate level of decision making, if using time, 30 minutes or more",Core visits,Established patient office visit,Office,1411,482,126799.509999416,2.9273858921161824,89.864996456,2.051070999231724,0.3323890462700661,0.336152365790142,97.59206055808308,10
2024,1780818195,"Vittal, Padmaja",IL,WINFIELD,Neurology,99215,"Established patient office or other outpatient visit with high level of medical decision making, if using time, 40 minutes or more",Core visits,Established patient office visit,Office,550,194,75444.8700005,2.8350515463917527,137.17249091,2.2872669277984823,0.22494432071269488,0.26426661439211774,97.57952352616809,10
2024,1275174252,"Maninji, Shila",IL,RIVER FOREST,Nurse Practitioner,99215,"Established patient office or other outpatient visit with high level of medical decision making, if using time, 40 minutes or more",Core visits,Established patient office visit,Office,654,152,82070.84000016,4.302631578947368,125.49058104,1.5962379198333225,1.8311688311688312,1.8123615165151943,97.57531442724272,10
2024,1669142477,"Gullion, Joanna",IN,LEXINGTON,Nurse Practitioner,99232,"Subsequent hospital care with moderate levelof medical decision making, if using time, at least 35 minutes",Follow-up and acuity,Subsequent hospital or follow-up care,Facility,2418,440,119188.590000792,5.495454545454545,49.292220844,2.4247023622813595,2.479136690647482,2.4336748995500876,97.57512266557015,10
2024,1609405257,"Ustaoglu, Melih",IN,TERRE HAUTE,Ophthalmology,99213,"Established patient office or other outpatient visit with low level od decision making, if using time, 20 minutes or more",Core visits,Established patient office visit,Office,449,244,28315.850000201997,1.8401639344262295,63.064253898,2.5643878822619173,7.017857142857143,6.62472096493326,97.56900057290406,10
2024,1730425604,"Mondschein, Beth",IN,MISHAWAKA,Nurse Practitioner,99214,"Established patient office or other outpatient visit with moderate level of decision making, if using time, 30 minutes or more",Core visits,Established patient office visit,Office,647,315,51060.949999719,2.0539682539682538,78.919551777,3.189979321021875,0.5187793427230047,0.5047339593741824,97.56840478422819,10
2024,1003418682,"Lueken, Mckenzie",IN,EVANSVILLE,Physician Assistant,99215,"Established patient office or other outpatient visit with high level of medical decision making, if using time, 40 minutes or more",Core visits,Established patient office visit,Office,534,354,43724.510000046,1.5084745762711864,81.881104869,2.8879453774689576,1.4054054054054055,1.2963974647702816,97.56290669971781,10
2024,1083145262,"Brownlee, Maurice",IL,CHICAGO,Nurse Practitioner,99214,"Established patient office or other outpatient visit with moderate level of decision making, if using time, 30 minutes or more",Core visits,Established patient office visit,Office,613,107,52210.040000160996,5.728971962616822,85.171353997,3.126417454903795,0.31263383297644537,0.26882740606564776,97.53899835319159,10
2024,1194481630,"Lowry Williams, Erica",IN,CHARLESTOWN,Nurse Practitioner,99214,"Established patient office or other outpatient visit with moderate level of decision making, if using time, 30 minutes or more",Core visits,Established patient office visit,Office,795,326,56275.40000026501,2.438650306748466,70.786666667,2.0457733421991047,0.4221824686940966,0.35368224209792687,97.53440509174482,10
2024,1487656161,"Israel, Michael",IN,MADISON,Internal Medicine,99214,"Established patient office or other outpatient visit with moderate level of decision making, if using time, 30 minutes or more",Core visits,Established patient office visit,Office,1063,391,83718.770000034,2.7186700767263425,78.757074318,1.749983577338584,0.45616438356164385,0.45539063089022286,97.53334969868105,10
2024,1073769147,"Marsiglia, Paul",IL,ARLINGTON HEIGHTS,Anesthesiology,99214,"Established patient office or other outpatient visit with moderate level of decision making, if using time, 30 minutes or more",Core visits,Established patient office visit,Office,1564,455,153285.4000001,3.437362637362637,98.008567775,2.405748716829635,0.2190179267342167,0.2068280695128075,97.52000355079537,10
2024,1184652158,"Chung, Elizabeth",IL,LIBERTYVILLE,Hematology-Oncology,99215,"Established patient office or other outpatient visit with high level of medical decision making, if using time, 40 minutes or more",Core visits,Established patient office visit,Office,373,141,41783.250001,2.645390070921986,112.019437,2.6842477386739896,1.6267605633802817,1.640949226828776,97.50097734321699,10
2024,1710900907,"Tsinman, Michael",IL,WHEELING,Internal Medicine,99214,"Established patient office or other outpatient visit with moderate level of decision making, if using time, 30 minutes or more",Core visits,Established patient office visit,Office,2866,513,255754.95000129798,5.586744639376218,89.237595953,2.5168580936080804,0.13235875148162782,0.06217399780583586,97.49056044308794,10
2024,1689866717,"Staszkiewicz, Andrzej",IL,CHICAGO,Anesthesiology,99214,"Established patient office or other outpatient visit with moderate level of decision making, if using time, 30 minutes or more",Core visits,Established patient office visit,Facility,482,227,35441.580000166,2.1233480176211454,73.530248963,5.0417927541221905,0.8901960784313725,0.8372318339186399,97.48723226332416,10
2024,1396776894,"Gill, Manjot",IL,CHICAGO,Ophthalmology,99214,"Established patient office or other outpatient visit with moderate level of decision making, if using time, 30 minutes or more",Core visits,Established patient office visit,Office,1394,655,139797.1200017,2.1282442748091603,100.28487805,2.37723800229852,1.2520193861066236,1.153902426183084,97.47802875488205,10
2024,1548706708,"Matticks, Veronica",IL,LA GRANGE HIGHLANDS,Nurse Practitioner,99214,"Established patient office or other outpatient visit with moderate level of decision making, if using time, 30 minutes or more",Core visits,Established patient office visit,Office,755,265,69052.099999745,2.849056603773585,91.459735099,3.2035656537774373,0.1491628614916286,0.1565822351020822,97.47412359192758,10
2024,1174934780,"Motley, Katrina",IN,INDIANAPOLIS,Nurse Practitioner,99214,"Established patient office or other outpatient visit with moderate level of decision making, if using time, 30 minutes or more",Core visits,Established patient office visit,Office,479,160,34971.999999827,2.99375,73.010438413,2.054279753053926,1.5891891891891892,1.8150330427352572,97.4706846306403,10
2024,1609258763,"Shumsky, Philip",IN,INDIANAPOLIS,Anesthesiology,99213,"Established patient office or other outpatient visit with low level od decision making, if using time, 20 minutes or more",Core visits,Established patient office visit,Office,870,358,63087.34999974,2.430167597765363,72.514195402,2.7771096787417324,0.1646586345381526,0.15679874724251677,97.46302776583046,10
2024,1205098738,"Long, Danxuan",IL,DECATUR,Pulmonary Disease,99214,"Established patient office or other outpatient visit with moderate level of decision making, if using time, 30 minutes or more",Core visits,Established patient office visit,Office,1425,514,135779.499999825,2.772373540856031,95.283859649,1.9718131738956395,0.30255941499085925,0.3117486858835055,97.4608373979393,10
2024,1578103974,"Kuklov, Yuri",IL,HOFFMAN ESTATES,Physician Assistant,99214,"Established patient office or other outpatient visit with moderate level of decision making, if using time, 30 minutes or more",Core visits,Established patient office visit,Office,1028,276,84343.61000043999,3.7246376811594204,82.04631323,3.6832744055768827,0.07756813417190776,0.022906968934769394,97.45049192971868,10
2024,1730136953,"Naqvi, Tahir",IN,ANDERSON,Hematology,99214,"Established patient office or other outpatient visit with moderate level of decision making, if using time, 30 minutes or more",Core visits,Established patient office visit,Facility,2164,508,149519.750000416,4.25984251968504,69.094154344,4.1370179147290225,0.00979934671021932,-6.083118642236288e-4,97.44489597796147,10
2024,1841289691,"Toor, Mohammad",IL,NEW LENOX,Internal Medicine,99215,"Established patient office or other outpatient visit with high level of medical decision making, if using time, 40 minutes or more",Core visits,Established patient office visit,Office,601,177,87316.89999729,3.3954802259887007,145.28602329,1.322189298463722,8.390625,9.536280990012381,97.44304723572836,10
2024,1538181359,"Marchand, Hector",IN,LA PORTE,Cardiology,99214,"Established patient office or other outpatient visit with moderate level of decision making, if using time, 30 minutes or more",Core visits,Established patient office visit,Office,1025,413,85210.990000275,2.4818401937046004,83.132673171,2.377699015158286,0.18771726535341832,0.19667179962166295,97.43515598942801,10
2024,1124140207,"Chuang, Eric",IL,CHICAGO,Internal Medicine,99232,"Subsequent hospital care with moderate levelof medical decision making, if using time, at least 35 minutes",Follow-up and acuity,Subsequent hospital or follow-up care,Facility,2267,417,131111.769998935,5.436450839328537,57.834922805,3.0336788760421944,0.8208835341365461,0.6433403063320241,97.43185382504527,10
2024,1902960966,"Apuri, Bhaktavatsala",IN,FORT WAYNE,Cardiology,99215,"Established patient office or other outpatient visit with high level of medical decision making, if using time, 40 minutes or more",Core visits,Established patient office visit,Office,391,208,47202.40999811,1.8798076923076923,120.72227621,1.6582337243305516,0.4166666666666667,0.3671439937309538,97.42851633342663,10
2024,1851702229,"Niere-Ramos, Joanne",IN,CROWN POINT,Family Practice,99215,"Established patient office or other outpatient visit with high level of medical decision making, if using time, 40 minutes or more",Core visits,Established patient office visit,Office,407,220,49503.55999985,1.85,121.63036854999999,1.543034401780813,1.7687074829931972,1.6820731205826374,97.384569044869,10
2024,1841433380,"Clasby, Christian",IN,NEW ALBANY,Physical Medicine and Rehabilitation,99214,"Established patient office or other outpatient visit with moderate level of decision making, if using time, 30 minutes or more",Core visits,Established patient office visit,Office,514,217,40994.07,2.3686635944700463,79.755,2.013727819716358,0.7423728813559322,0.848177320856262,97.36294013605058,10
2024,1518616341,"Russo, Josephine",IL,WESTCHESTER,Physician Assistant,99214,"Established patient office or other outpatient visit with moderate level of decision making, if using time, 30 minutes or more",Core visits,Established patient office visit,Office,735,246,59758.860000315006,2.9878048780487805,81.304571429,3.4776283205885052,0.30319148936170215,0.2866935350171301,97.34297386548258,10
2024,1992414304,"Rhodes, Natasha",IL,MOUNT VERNON,Nurse Practitioner,99213,"Established patient office or other outpatient visit with low level od decision making, if using time, 20 minutes or more",Core visits,Established patient office visit,Office,609,255,35316.969999821995,2.388235294117647,57.99174055799999,3.8181476206996803,20,25.887681766301565,97.33589068869814,10
2024,1043363708,"Gnatenco, Carmen",IL,OAK LAWN,Internal Medicine,99215,"Established patient office or other outpatient visit with high level of medical decision making, if using time, 40 minutes or more",Core visits,Established patient office visit,Office,604,122,78581.78999728001,4.950819672131147,130.10230132,1.5216146569259659,1.603448275862069,1.4729210610632162,97.31417596294297,10
2024,1154395663,"Allar, Robert",IL,NAPERVILLE,Ophthalmology,99214,"Established patient office or other outpatient visit with moderate level of decision making, if using time, 30 minutes or more",Core visits,Established patient office visit,Office,492,208,52488.98999784,2.3653846153846154,106.68493902,2.0981737305904,1.2262443438914028,1.643276234869439,97.30938621050132,10
2024,1447229885,"Rao, Gopal",IL,ELK GROVE VILLAGE,Internal Medicine,99214,"Established patient office or other outpatient visit with moderate level of decision making, if using time, 30 minutes or more",Core visits,Established patient office visit,Office,1010,358,96885.0599998,2.82122905027933,95.92580198,1.8810305059005614,0.5074626865671642,0.4611603945466234,97.30394542145525,10
2024,1770553349,"Porubcin, Michael",IL,MOLINE,Hematology-Oncology,99215,"Established patient office or other outpatient visit with high level of medical decision making, if using time, 40 minutes or more",Core visits,Established patient office visit,Facility,675,284,67682.78000325,2.3767605633802815,100.27078519,2.232564132299841,2.5340314136125652,2.300256383763638,97.28580585259921,10
2024,1427096700,"Pisick, Evan",IL,ZION,Medical Oncology,99214,"Established patient office or other outpatient visit with moderate level of decision making, if using time, 30 minutes or more",Core visits,Established patient office visit,Facility,1072,339,79516.079999792,3.162241887905605,74.175447761,5.307367067056871,0.2237442922374429,0.22510938629839813,97.27421441982666,10
2024,1417937004,"Miller, Robert",IL,MAYWOOD,Family Practice,99214,"Established patient office or other outpatient visit with moderate level of decision making, if using time, 30 minutes or more",Core visits,Established patient office visit,Office,755,212,69170.44999983,3.561320754716981,91.616490066,4.051291220324467,0.0107095046854083,-0.0045602558026548974,97.22621359678864,10
2024,1538156732,"Zahir, Syed",IL,ELGIN,Hematology-Oncology,99214,"Established patient office or other outpatient visit with moderate level of decision making, if using time, 30 minutes or more",Core visits,Established patient office visit,Office,2185,402,202212.00999979,5.435323383084577,92.545542334,2.3480394054774196,0.2586405529953917,0.26707709506016597,97.21388942217763,10
2024,1588704381,"Devarapalli, Heyer",IL,ARLINGTON HEIGHTS,Internal Medicine,99214,"Established patient office or other outpatient visit with moderate level of decision making, if using time, 30 minutes or more",Core visits,Established patient office visit,Office,1281,377,117418.030000005,3.3978779840848805,91.661225605,2.4388268952687726,0.27335984095427435,0.16784392919168303,97.20460509134864,10
2024,1043266174,"Mushtaq, Mian",IN,JEFFERSONVILLE,Internal Medicine,99215,"Established patient office or other outpatient visit with high level of medical decision making, if using time, 40 minutes or more",Core visits,Established patient office visit,Office,289,114,32066.99000099,2.5350877192982457,110.95844291,2.5163064000986775,0.6514285714285715,0.7421216873416249,97.20393346342895,10
2024,1821028499,"Gordon, Leo",IL,CHICAGO,Hematology,99215,"Established patient office or other outpatient visit with high level of medical decision making, if using time, 40 minutes or more",Core visits,Established patient office visit,Office,313,113,44964.929999160006,2.769911504424779,143.65792332,2.333636772609874,2.63953488372093,2.597908224924626,97.20377151262863,10
2024,1861428583,"Narula, Sunil",IL,CHICAGO,Hematology-Oncology,99215,"Established patient office or other outpatient visit with high level of medical decision making, if using time, 40 minutes or more",Core visits,Established patient office visit,Office,294,137,33889.90999968,2.145985401459854,115.27180272,4.427058234712038,1.6727272727272726,1.6559802819580471,97.17645007717756,10
2024,1437507316,"Jain, Sumit",IL,CHICAGO,Pain Management,99214,"Established patient office or other outpatient visit with moderate level of decision making, if using time, 30 minutes or more",Core visits,Established patient office visit,Office,442,132,47289.0899988,3.3484848484848486,106.9888914,1.9255915584343002,13.258064516129032,17.964336415465258,97.1377153491011,10
2024,1336585132,"Xu, Lai",IL,ROLLING MEADOWS,Hematology-Oncology,99215,"Established patient office or other outpatient visit with high level of medical decision making, if using time, 40 minutes or more",Core visits,Established patient office visit,Office,655,122,94992.9499999,5.368852459016393,145.02740458,2.110858639105255,0.2174721189591078,0.27714779097768366,97.11987762629659,10
2024,1013903509,"Glick, Barry",IL,ELK GROVE VILLAGE,Internal Medicine,99214,"Established patient office or other outpatient visit with moderate level of decision making, if using time, 30 minutes or more",Core visits,Established patient office visit,Office,1617,570,151312.440000645,2.836842105263158,93.576029685,1.8759454967360514,0.34190871369294606,0.3031359071107444,97.11767867790819,10
2024,1477604452,"Frank, Jeffrey",IL,BUFFALO GROVE,Neurology,99215,"Established patient office or other outpatient visit with high level of medical decision making, if using time, 40 minutes or more",Core visits,Established patient office visit,Office,402,132,55101.12999911999,3.0454545454545454,137.06748756,2.7507133013742417,0.06914893617021277,0.04287905177558205,97.1171317073584,10
2024,1205504552,"Gamboa, Jobelle",IL,STERLING,Nurse Practitioner,99215,"Established patient office or other outpatient visit with high level of medical decision making, if using time, 40 minutes or more",Core visits,Established patient office visit,Facility,405,150,37370.57000013,2.7,92.273012346,3.029356334551332,3.9390243902439024,4.011199598819191,97.10416885245718,10
2024,1275130437,"Jones-Felton, Juana",IN,CROWN POINT,Nurse Practitioner,99232,"Subsequent hospital care with moderate levelof medical decision making, if using time, at least 35 minutes",Follow-up and acuity,Subsequent hospital or follow-up care,Facility,1440,342,70427.45999952001,4.2105263157894735,48.90795833300001,2.5228977340394465,2.6180904522613067,2.5455965154039872,97.0962939301272,10
2024,1174053862,"Pike, Jonathan",IN,INDIANAPOLIS,Emergency Medicine,99285,Emergency department visit with high level of medical decision making,Follow-up and acuity,Emergency or high-acuity evaluation,Facility,505,486,62911.13999925,1.0390946502057614,124.57651485,9.32709512526663,1.4634146341463414,1.316419956955175,97.0957622410299,10
2024,1467424531,"Cole, Jill",IN,INDIANAPOLIS,Medical Oncology,99215,"Established patient office or other outpatient visit with high level of medical decision making, if using time, 40 minutes or more",Core visits,Established patient office visit,Facility,337,80,35087.77999898,4.2125,104.11804154,2.5553887386434955,1.5338345864661653,1.0437705613289847,97.08318760640537,10
2024,1457461576,"Madhani, Jayesh",IN,WHITING,Internal Medicine,99214,"Established patient office or other outpatient visit with moderate level of decision making, if using time, 30 minutes or more",Core visits,Established patient office visit,Office,741,196,69535.69000006201,3.7806122448979593,93.84033738200002,1.593648039614332,0.3448275862068966,0.3087294881958836,97.06654769026812,10
2024,1720492572,"Medina, Victor",IL,MCHENRY,Hematology-Oncology,99215,"Established patient office or other outpatient visit with high level of medical decision making, if using time, 40 minutes or more",Core visits,Established patient office visit,Office,342,142,49691.34000018,2.408450704225352,145.29631579,2.3409347841675947,0.7185929648241206,0.7314779711732364,97.06637956377351,10
2024,1275501363,"Keralavarma, Balagopal",IN,MERRILLVILLE,Hematology-Oncology,99214,"Established patient office or other outpatient visit with moderate level of decision making, if using time, 30 minutes or more",Core visits,Established patient office visit,Office,1230,313,109033.92000044999,3.929712460063898,88.645463415,2.080034045403132,0.12021857923497267,0.10068264501985609,97.03448993972056,10
2024,1194995357,"Jagarlamudi, Kuppuswamy",IL,MATTOON,Hematology-Oncology,99214,"Established patient office or other outpatient visit with moderate level of decision making, if using time, 30 minutes or more",Core visits,Established patient office visit,Facility,874,314,62857.600000073995,2.78343949044586,71.919450801,7.2976155434260335,0.1810810810810811,0.1498818243667362,97.02936580621953,10
2024,1306899570,"Khosla, Krishdeep",IL,OAKBROOK TERRACE,Internal Medicine,99232,"Subsequent hospital care with moderate levelof medical decision making, if using time, at least 35 minutes",Follow-up and acuity,Subsequent hospital or follow-up care,Facility,1368,283,88388.699999976,4.833922261484099,64.611622807,2.5604823398220424,2.272727272727273,2.206197167138596,97.02242058467635,10
2024,1477540821,"Ayers, John",IL,WARRENVILLE,Hematology-Oncology,99215,"Established patient office or other outpatient visit with high level of medical decision making, if using time, 40 minutes or more",Core visits,Established patient office visit,Office,577,271,85117.18999952001,2.129151291512915,147.51679376,2.266416787440971,0.14940239043824702,0.23791750736177864,97.00606082575761,10
2024,1245758416,"Wirth, Elizabeth",IL,NAPERVILLE,Nurse Practitioner,99214,"Established patient office or other outpatient visit with moderate level of decision making, if using time, 30 minutes or more",Core visits,Established patient office visit,Office,814,316,67069.04999966601,2.5759493670886076,82.394410319,2.0542731639110405,1.5923566878980893,1.3323189497431822,97.00100695857496,10
2024,1255695136,"Usman-Oyowe, Ibrahim",IL,CHICAGO,Physical Medicine and Rehabilitation,99214,"Established patient office or other outpatient visit with moderate level of decision making, if using time, 30 minutes or more",Core visits,Established patient office visit,Office,849,343,75360.57999996,2.4752186588921283,88.76393404,5.498835142960043,0.037897310513447434,0.0483474187746207,96.98285814958678,10
2024,1386905669,"Eappen, Seth",IL,OAK BROOK,Psychiatry,99232,"Subsequent hospital care with moderate levelof medical decision making, if using time, at least 35 minutes",Follow-up and acuity,Subsequent hospital or follow-up care,Facility,564,94,36482.580000048,6,64.685425532,3.0793825510383206,7.676923076923077,7.489947988794434,96.9784278285,10
2024,1598110868,"Kirchner, Kyle",IL,NEW LENOX,Podiatry,99213,"Established patient office or other outpatient visit with low level od decision making, if using time, 20 minutes or more",Core visits,Established patient office visit,Office,792,323,54737.090000207994,2.4520123839009287,69.112487374,2.142865669923955,4.577464788732394,4.192090036452938,96.96899246363765,10
2024,1639176464,"Bolander, James",IN,INDIANAPOLIS,Nephrology,99214,"Established patient office or other outpatient visit with moderate level of decision making, if using time, 30 minutes or more",Core visits,Established patient office visit,Office,633,263,42186.240000030004,2.406844106463878,66.64492891,2.2836952049129278,0.30246913580246915,0.3987790842821396,96.9666153553114,10
2024,1841273513,"Springer, Elizabeth",IN,WHITING,Dermatology,99213,"Established patient office or other outpatient visit with low level od decision making, if using time, 20 minutes or more",Core visits,Established patient office visit,Office,421,179,26399.770000202,2.35195530726257,62.707292162,3.027781044859619,0.412751677852349,0.36862817679535825,96.94369516476141,10
2024,1538347521,"Kandra, Ajay",IN,MADISON,Hematology-Oncology,99215,"Established patient office or other outpatient visit with high level of medical decision making, if using time, 40 minutes or more",Core visits,Established patient office visit,Office,314,151,35032.20999978,2.0794701986754967,111.56754777,2.500862637167156,0.37719298245614036,0.47153166994250845,96.92510069277165,10
2024,1275073355,"Huang, Han",IN,HAMMOND,Emergency Medicine,99285,Emergency department visit with high level of medical decision making,Follow-up and acuity,Emergency or high-acuity evaluation,Facility,489,447,60271.520001569996,1.0939597315436242,123.25464213,13.68481204323698,0.15876777251184834,0.09925109823767553,96.91656290777667,10
2024,1942799838,"Campbell, Mary Elizabeth",IN,GRANGER,Family Practice,99214,"Established patient office or other outpatient visit with moderate level of decision making, if using time, 30 minutes or more",Core visits,Established patient office visit,Office,402,179,30579.89999997,2.2458100558659218,76.069402985,2.3036767473470166,0.8272727272727273,0.5953038025598778,96.91653910227221,10
2024,1275564197,"Berkowitz, Paul",IL,LIBERTYVILLE,Psychiatry,99214,"Established patient office or other outpatient visit with moderate level of decision making, if using time, 30 minutes or more",Core visits,Established patient office visit,Office,466,62,44361.290000208,7.516129032258065,95.195901288,2.0207815600985364,1.4526315789473685,1.2237405979756826,96.91422360190839,10
2024,1164650461,"Kim, Scott",IN,GREENWOOD,Pain Management,99214,"Established patient office or other outpatient visit with moderate level of decision making, if using time, 30 minutes or more",Core visits,Established patient office visit,Office,1055,243,87621.94000002,4.341563786008231,83.053971564,4.934626774229882,-0.01585820895522388,-0.07991905314674093,96.91162103899738,10
2024,1104826676,"Legaspi, Joseph",IN,SCHERERVILLE,Internal Medicine,99214,"Established patient office or other outpatient visit with moderate level of decision making, if using time, 30 minutes or more",Core visits,Established patient office visit,Office,1112,494,92124.44999970401,2.251012145748988,82.845728417,2.281052637871191,0.24663677130044842,0.23284066250721777,96.89016116498408,10
2024,1962759274,"Woodrome-Nethery, Tina",IN,CLARKSVILLE,Nurse Practitioner,99232,"Subsequent hospital care with moderate levelof medical decision making, if using time, at least 35 minutes",Follow-up and acuity,Subsequent hospital or follow-up care,Facility,1954,513,96164.200000172,3.8089668615984404,49.214022518,2.4235157929490523,3.430839002267574,3.303521026864595,96.88412648945915,10
2024,1619574084,"Errihani, Agnes",IN,MUNSTER,Nurse Practitioner,99214,"Established patient office or other outpatient visit with moderate level of decision making, if using time, 30 minutes or more",Core visits,Established patient office visit,Office,891,525,65204.139999834006,1.697142857142857,73.180852974,3.007135467852828,10.278481012658228,9.747504083589426,96.8666666687318,10
2024,1558365031,"Bufill, Jose",IN,MISHAWAKA,Medical Oncology,99214,"Established patient office or other outpatient visit with moderate level of decision making, if using time, 30 minutes or more",Core visits,Established patient office visit,Office,633,247,56063.85999993,2.562753036437247,88.56849921,2.657957539034113,0.03262642740619902,0.057732442679984106,96.8469589806719,10
2024,1487096483,"Ali, Natasha",IL,LIBERTYVILLE,Physician Assistant,99215,"Established patient office or other outpatient visit with high level of medical decision making, if using time, 40 minutes or more",Core visits,Established patient office visit,Office,367,144,34005.410000172,2.548611111111111,92.657792916,3.266132001465936,2.3063063063063063,2.0480056217947924,96.83210303994295,10
2024,1548524770,"Nayani, Archana",IL,SPRINGFIELD,Medical Oncology,99214,"Established patient office or other outpatient visit with moderate level of decision making, if using time, 30 minutes or more",Core visits,Established patient office visit,Office,458,169,44096.589999936004,2.710059171597633,96.280764192,4.158152545399074,0.26170798898071623,0.3390166485092008,96.78784203564165,10
2024,1346291960,"Luyun, Ronnie",IL,URBANA,Medical Oncology,99215,"Established patient office or other outpatient visit with high level of medical decision making, if using time, 40 minutes or more",Core visits,Established patient office visit,Facility,604,202,64227.96000048,2.99009900990099,106.33768212,2.1680580851397484,0.8875,1.0158935167797158,96.76414228037785,10
2024,1689635856,"Yorulmazoglu, Erol",IL,ELK GROVE VILLAGE,Hematology-Oncology,99215,"Established patient office or other outpatient visit with high level of medical decision making, if using time, 40 minutes or more",Core visits,Established patient office visit,Office,554,111,79888.15999798,4.990990990990991,144.20245487,2.115654963557794,0.25339366515837103,0.2785871805932754,96.76278535853908,10
2024,1164128815,"Coleman, Stephanie",IN,INDIANAPOLIS,Nurse Practitioner,99214,"Established patient office or other outpatient visit with moderate level of decision making, if using time, 30 minutes or more",Core visits,Established patient office visit,Office,375,135,24004.600000125003,2.7777777777777777,64.012266667,3.601352675904478,0.5625,0.37833500330078246,96.740228711859,10
2024,1164539094,"Marwaha, Rakesh",IL,NAPERVILLE,Internal Medicine,99214,"Established patient office or other outpatient visit with moderate level of decision making, if using time, 30 minutes or more",Core visits,Established patient office visit,Office,1095,290,104250.509999475,3.7758620689655173,95.205945205,2.6106262743316555,0.021455223880597014,-0.003952545379667396,96.7311326290891,10
2024,1346381837,"Lahmann, Brian",IL,NEW LENOX,General Surgery,99214,"Established patient office or other outpatient visit with moderate level of decision making, if using time, 30 minutes or more",Core visits,Established patient office visit,Office,590,214,53514.51999989,2.7570093457943927,90.702576271,2.062861593114767,0.9281045751633987,0.8701222273714668,96.72883426710558,10
2024,1023157278,"Tothy, Peter",IN,CROWN POINT,Hematology-Oncology,99214,"Established patient office or other outpatient visit with moderate level of decision making, if using time, 30 minutes or more",Core visits,Established patient office visit,Office,2301,574,197833.39000042801,4.008710801393728,85.977136028,1.906312259081294,0.26986754966887416,0.23575577416952667,96.69723595090923,10
2024,1447228242,"Sultan, John",IL,HIGHLAND PARK,Internal Medicine,99215,"Established patient office or other outpatient visit with high level of medical decision making, if using time, 40 minutes or more",Core visits,Established patient office visit,Office,702,394,78290.60999993999,1.781725888324873,111.52508546999998,1.794214517935545,0.6517647058823529,0.6038507276996326,96.66853619651255,10
2024,1275761900,"Patel, Neal",IL,CHICAGO,Emergency Medicine,99285,Emergency department visit with high level of medical decision making,Follow-up and acuity,Emergency or high-acuity evaluation,Facility,396,378,49386.25000188,1.0476190476190477,124.71275252999999,13.40593907666459,0.5408560311284046,0.4820166921317895,96.65367488694363,10
2024,1053490920,"Khan, Mansoor",IL,ELK GROVE VILLAGE,Internal Medicine,99214,"Established patient office or other outpatient visit with moderate level of decision making, if using time, 30 minutes or more",Core visits,Established patient office visit,Office,2189,518,209185.439999624,4.225868725868726,95.562101416,3.117692483770281,-0.002733485193621868,-0.02087795447435101,96.62618033955252,10
2024,1245449172,"Lindzy, Charles",IN,FORT WAYNE,Pain Management,99215,"Established patient office or other outpatient visit with high level of medical decision making, if using time, 40 minutes or more",Core visits,Established patient office visit,Office,202,49,25317.64000098,4.122448979591836,125.33485149,2.8377893089420416,2.811320754716981,2.8821269049283553,96.62377040184636,10
2024,1760001564,"Omar, Hamzeh",IL,ELGIN,Emergency Medicine,99285,Emergency department visit with high level of medical decision making,Follow-up and acuity,Emergency or high-acuity evaluation,Facility,482,448,66862.95000096,1.0758928571428572,138.71981328,6.807397332025864,1.0598290598290598,0.9899237398901976,96.62341214032305,10
2024,1932298791,"Harris, Thomas",IN,NEW ALBANY,Emergency Medicine,99285,Emergency department visit with high level of medical decision making,Follow-up and acuity,Emergency or high-acuity evaluation,Facility,452,431,56099.41999912,1.048723897911833,124.11376106,8.942776386182581,0.6928838951310862,0.5997448366593368,96.61081113736894,10
2024,1780261321,"Weaver, Zachary",IN,FORT WAYNE,Nurse Practitioner,99214,"Established patient office or other outpatient visit with moderate level of decision making, if using time, 30 minutes or more",Core visits,Established patient office visit,Office,774,295,57491.560000008,2.623728813559322,74.278501292,2.4404188012248635,0.2730263157894737,0.3031268756431503,96.60253962060618,10
2024,1710052436,"Mavi, Harbans",IL,MT PROSPECT,Internal Medicine,99232,"Subsequent hospital care with moderate levelof medical decision making, if using time, at least 35 minutes",Follow-up and acuity,Subsequent hospital or follow-up care,Facility,658,129,42555.839999749995,5.10077519379845,64.674528875,3.382724791844582,0.46547884187082406,0.4336583523563176,96.58781419330838,10
2024,1861658288,"Shaikh, Habib",IL,GENEVA,Hematology-Oncology,99214,"Established patient office or other outpatient visit with moderate level of decision making, if using time, 30 minutes or more",Core visits,Established patient office visit,Office,868,307,91339.67999743999,2.8273615635179152,105.23004608,2.386908052251178,0.18741450068399454,0.28376038820751504,96.57392207098088,10
2024,1518964303,"Ante, William",IN,EVANSVILLE,Physical Medicine and Rehabilitation,99214,"Established patient office or other outpatient visit with moderate level of decision making, if using time, 30 minutes or more",Core visits,Established patient office visit,Office,819,313,73653.76999971899,2.6166134185303513,89.931343101,2.233207404673651,0.07198952879581152,0.07400343342398444,96.52879002837236,10
2024,1639602543,"Shareef, Muhammad",IL,ROCKFORD,Emergency Medicine,99285,Emergency department visit with high level of medical decision making,Follow-up and acuity,Emergency or high-acuity evaluation,Facility,659,594,83278.49999871,1.1094276094276094,126.37101669,9.672807147981926,0.2504743833017078,0.16527404019679257,96.5234909135581,10
2024,1700806858,"Pineless, Gary",IL,BANNOCKBURN,Cardiology,99215,"Established patient office or other outpatient visit with high level of medical decision making, if using time, 40 minutes or more",Core visits,Established patient office visit,Office,850,454,91947.4500015,1.8722466960352422,108.17347059,2.466766885156068,0.06516290726817042,0.07418269600837649,96.5150841704717,10
2024,1881223154,"Ciftci, Fatma",IL,CHICAGO,Emergency Medicine,99285,Emergency department visit with high level of medical decision making,Follow-up and acuity,Emergency or high-acuity evaluation,Facility,508,476,69823.58000203999,1.0672268907563025,137.44799213,6.8432049269449005,1.199134199134199,1.0786754081525578,96.5124971777758,10
2024,1871509323,"Lowenthal, Robert",IL,SPRINGFIELD,Ophthalmology,99213,"Established patient office or other outpatient visit with low level od decision making, if using time, 20 minutes or more",Core visits,Established patient office visit,Office,2083,678,128197.689999714,3.0722713864306783,61.544738358,4.67112898533581,0.25557564798071125,0.21745079064582182,96.51146063085525,10
2024,1871980755,"Frazier, Katie",IL,ROXANA,Nurse Practitioner,99214,"Established patient office or other outpatient visit with moderate level of decision making, if using time, 30 minutes or more",Core visits,Established patient office visit,Office,1141,241,86326.860000031,4.734439834024896,75.658948291,3.397291071281097,0.01693404634581105,0.003530794566704821,96.50902137045712,10
2024,1255384368,"Miller, Ronald",IN,INDIANAPOLIS,Physical Medicine and Rehabilitation,99232,"Subsequent hospital care with moderate levelof medical decision making, if using time, at least 35 minutes",Follow-up and acuity,Subsequent hospital or follow-up care,Facility,1348,173,78441.12000032,7.791907514450867,58.19074184000001,3.2875392689338225,0.2527881040892193,0.2173151136096077,96.50886857101949,10
2024,1679557656,"Rao, Vishnuvardhan",IN,VALPARAISO,Emergency Medicine,99285,Emergency department visit with high level of medical decision making,Follow-up and acuity,Emergency or high-acuity evaluation,Facility,641,590,79995.70999873,1.0864406779661018,124.79829953000001,6.693663814123356,0.5945273631840796,0.4984126276289867,96.50302901758246,10
2024,1275631426,"Milik, Adam",IL,MONEE,Internal Medicine,99214,"Established patient office or other outpatient visit with moderate level of decision making, if using time, 30 minutes or more",Core visits,Established patient office visit,Office,708,301,62745.039999923996,2.352159468438538,88.622937853,2.0619310244915026,0.783375314861461,0.9172161592892876,96.49435775935403,10
