{
"meta":{"test_sets":[],"test_metrics":[],"learn_metrics":[{"best_value":"Min","name":"RMSE"}],"launch_mode":"Train","parameters":"","iteration_count":500,"learn_sets":["learn"],"name":"experiment"},
"iterations":[
{"learn":[107.6938174],"iteration":0,"passed_time":0.001840898614,"remaining_time":0.9186084085},
{"learn":[106.0022998],"iteration":1,"passed_time":0.003486633575,"remaining_time":0.8681717603},
{"learn":[104.4342617],"iteration":2,"passed_time":0.005233689088,"remaining_time":0.8670478256},
{"learn":[102.9581539],"iteration":3,"passed_time":0.006585216967,"remaining_time":0.8165669039},
{"learn":[101.5574607],"iteration":4,"passed_time":0.007963085912,"remaining_time":0.7883455053},
{"learn":[100.2434236],"iteration":5,"passed_time":0.009231129124,"remaining_time":0.7600296312},
{"learn":[99.02077768],"iteration":6,"passed_time":0.01048302249,"remaining_time":0.7383042981},
{"learn":[97.90413651],"iteration":7,"passed_time":0.01180105017,"remaining_time":0.7257645856},
{"learn":[96.87349444],"iteration":8,"passed_time":0.01308301944,"remaining_time":0.7137513939},
{"learn":[95.92041374],"iteration":9,"passed_time":0.01564237373,"remaining_time":0.7664763128},
{"learn":[95.06944199],"iteration":10,"passed_time":0.01719551609,"remaining_time":0.7644188516},
{"learn":[94.1959251],"iteration":11,"passed_time":0.0188567337,"remaining_time":0.766840504},
{"learn":[93.47485804],"iteration":12,"passed_time":0.02068284686,"remaining_time":0.774811263},
{"learn":[92.7850282],"iteration":13,"passed_time":0.02191502331,"remaining_time":0.7607643806},
{"learn":[92.26253898],"iteration":14,"passed_time":0.02306938707,"remaining_time":0.7459101819},
{"learn":[91.74401222],"iteration":15,"passed_time":0.02418436589,"remaining_time":0.7315770682},
{"learn":[91.32799599],"iteration":16,"passed_time":0.02541773951,"remaining_time":0.7221628344},
{"learn":[90.77321835],"iteration":17,"passed_time":0.02658194339,"remaining_time":0.7118053731},
{"learn":[90.32494253],"iteration":18,"passed_time":0.02795809353,"remaining_time":0.7077812098},
{"learn":[89.89905491],"iteration":19,"passed_time":0.02931627889,"remaining_time":0.7035906934},
{"learn":[89.50834355],"iteration":20,"passed_time":0.0304299911,"remaining_time":0.6940936065},
{"learn":[89.15004829],"iteration":21,"passed_time":0.03155576223,"remaining_time":0.685620652},
{"learn":[88.84284928],"iteration":22,"passed_time":0.0327319017,"remaining_time":0.6788311786},
{"learn":[88.58864671],"iteration":23,"passed_time":0.0338382559,"remaining_time":0.6711254086},
{"learn":[88.33907427],"iteration":24,"passed_time":0.03507295668,"remaining_time":0.666386177},
{"learn":[88.03069006],"iteration":25,"passed_time":0.03619416412,"remaining_time":0.6598474536},
{"learn":[87.78920945],"iteration":26,"passed_time":0.03725718522,"remaining_time":0.6526906893},
{"learn":[87.61745254],"iteration":27,"passed_time":0.03865295227,"remaining_time":0.6515783383},
{"learn":[87.47957416],"iteration":28,"passed_time":0.04002537534,"remaining_time":0.650067303},
{"learn":[87.29283236],"iteration":29,"passed_time":0.04112417821,"remaining_time":0.6442787919},
{"learn":[87.10166384],"iteration":30,"passed_time":0.04221431145,"remaining_time":0.6386616797},
{"learn":[86.94927248],"iteration":31,"passed_time":0.04343373013,"remaining_time":0.6352183032},
{"learn":[86.78252883],"iteration":32,"passed_time":0.04463104423,"remaining_time":0.6315968986},
{"learn":[86.62809667],"iteration":33,"passed_time":0.04569704853,"remaining_time":0.6263183711},
{"learn":[86.48446286],"iteration":34,"passed_time":0.04684459703,"remaining_time":0.622363932},
{"learn":[86.40382279],"iteration":35,"passed_time":0.04810445338,"remaining_time":0.6200129547},
{"learn":[86.26293019],"iteration":36,"passed_time":0.04921318026,"remaining_time":0.6158297962},
{"learn":[86.14470101],"iteration":37,"passed_time":0.05030090639,"remaining_time":0.611553125},
{"learn":[86.02172299],"iteration":38,"passed_time":0.05144792936,"remaining_time":0.6081409085},
{"learn":[85.90328625],"iteration":39,"passed_time":0.05250588235,"remaining_time":0.603817647},
{"learn":[85.81720816],"iteration":40,"passed_time":0.05391319722,"remaining_time":0.6035648177},
{"learn":[85.69223854],"iteration":41,"passed_time":0.05501137178,"remaining_time":0.5998859113},
{"learn":[85.61016782],"iteration":42,"passed_time":0.05604428698,"remaining_time":0.5956334686},
{"learn":[85.50853467],"iteration":43,"passed_time":0.05713616071,"remaining_time":0.5921383928},
{"learn":[85.42450835],"iteration":44,"passed_time":0.05823633629,"remaining_time":0.5888340669},
{"learn":[85.32878905],"iteration":45,"passed_time":0.05928425528,"remaining_time":0.5851098238},
{"learn":[85.25649153],"iteration":46,"passed_time":0.06044842472,"remaining_time":0.5826199233},
{"learn":[85.18632284],"iteration":47,"passed_time":0.0617197489,"remaining_time":0.5811943021},
{"learn":[85.0920064],"iteration":48,"passed_time":0.06293078683,"remaining_time":0.5792200992},
{"learn":[85.03663437],"iteration":49,"passed_time":0.06402851475,"remaining_time":0.5762566327},
{"learn":[84.97964077],"iteration":50,"passed_time":0.06528650173,"remaining_time":0.5747772407},
{"learn":[84.89986439],"iteration":51,"passed_time":0.06643403579,"remaining_time":0.5723547699},
{"learn":[84.84657266],"iteration":52,"passed_time":0.06758452639,"remaining_time":0.5700053452},
{"learn":[84.77137517],"iteration":53,"passed_time":0.06874546263,"remaining_time":0.5677865988},
{"learn":[84.71012027],"iteration":54,"passed_time":0.06977770675,"remaining_time":0.5645650819},
{"learn":[84.64714394],"iteration":55,"passed_time":0.07093683086,"remaining_time":0.5624277304},
{"learn":[84.58740107],"iteration":56,"passed_time":0.07201866891,"remaining_time":0.5597240409},
{"learn":[84.55118843],"iteration":57,"passed_time":0.07359230815,"remaining_time":0.5608241414},
{"learn":[84.51900048],"iteration":58,"passed_time":0.0746876995,"remaining_time":0.5582589064},
{"learn":[84.47113059],"iteration":59,"passed_time":0.07576705488,"remaining_time":0.5556250692},
{"learn":[84.40783731],"iteration":60,"passed_time":0.07693332034,"remaining_time":0.5536676661},
{"learn":[84.36039815],"iteration":61,"passed_time":0.07814365775,"remaining_time":0.5520471306},
{"learn":[84.32893896],"iteration":62,"passed_time":0.07920208961,"remaining_time":0.5493859232},
{"learn":[84.28787625],"iteration":63,"passed_time":0.08062881197,"remaining_time":0.5492837815},
{"learn":[84.2475693],"iteration":64,"passed_time":0.0819045104,"remaining_time":0.548130185},
{"learn":[84.20599954],"iteration":65,"passed_time":0.08374819667,"remaining_time":0.5507078387},
{"learn":[84.16600299],"iteration":66,"passed_time":0.08517734503,"remaining_time":0.5504744836},
{"learn":[84.12819178],"iteration":67,"passed_time":0.08638274655,"remaining_time":0.5487845075},
{"learn":[84.09519267],"iteration":68,"passed_time":0.08753214886,"remaining_time":0.5467587849},
{"learn":[84.06567541],"iteration":69,"passed_time":0.08894878999,"remaining_time":0.5463997099},
{"learn":[84.02713119],"iteration":70,"passed_time":0.09187316214,"remaining_time":0.5551209374},
{"learn":[83.99751471],"iteration":71,"passed_time":0.09367068155,"remaining_time":0.5568201625},
{"learn":[83.96905428],"iteration":72,"passed_time":0.09503229565,"remaining_time":0.555873839},
{"learn":[83.93184566],"iteration":73,"passed_time":0.09655074898,"remaining_time":0.5558191766},
{"learn":[83.89993051],"iteration":74,"passed_time":0.09825697184,"remaining_time":0.5567895071},
{"learn":[83.85927963],"iteration":75,"passed_time":0.09937910035,"remaining_time":0.5544307704},
{"learn":[83.80737842],"iteration":76,"passed_time":0.1005897077,"remaining_time":0.5525902127},
{"learn":[83.78085592],"iteration":77,"passed_time":0.1018719537,"remaining_time":0.5511533904},
{"learn":[83.762653],"iteration":78,"passed_time":0.1032012109,"remaining_time":0.5499710098},
{"learn":[83.72278992],"iteration":79,"passed_time":0.1044718178,"remaining_time":0.5484770437},
{"learn":[83.68105328],"iteration":80,"passed_time":0.1056978046,"remaining_time":0.5467577792},
{"learn":[83.65334986],"iteration":81,"passed_time":0.1070078593,"remaining_time":0.5454790875},
{"learn":[83.62633846],"iteration":82,"passed_time":0.1082487015,"remaining_time":0.5438519097},
{"learn":[83.60286788],"iteration":83,"passed_time":0.1093753764,"remaining_time":0.5416685309},
{"learn":[83.55416497],"iteration":84,"passed_time":0.1105023042,"remaining_time":0.5395112498},
{"learn":[83.54574986],"iteration":85,"passed_time":0.1116597145,"remaining_time":0.537524672},
{"learn":[83.50505014],"iteration":86,"passed_time":0.1139620212,"remaining_time":0.5409921234},
{"learn":[83.49254563],"iteration":87,"passed_time":0.115131397,"remaining_time":0.5390242679},
{"learn":[83.4540626],"iteration":88,"passed_time":0.116378094,"remaining_time":0.5374314227},
{"learn":[83.43195415],"iteration":89,"passed_time":0.1173890318,"remaining_time":0.5347722559},
{"learn":[83.40537212],"iteration":90,"passed_time":0.1184704426,"remaining_time":0.5324660554},
{"learn":[83.38511481],"iteration":91,"passed_time":0.1197770275,"remaining_time":0.5311850784},
{"learn":[83.34963833],"iteration":92,"passed_time":0.1211107123,"remaining_time":0.5300221494},
{"learn":[83.33088974],"iteration":93,"passed_time":0.1222953747,"remaining_time":0.5282119375},
{"learn":[83.30275057],"iteration":94,"passed_time":0.1234074042,"remaining_time":0.5261052495},
{"learn":[83.27289287],"iteration":95,"passed_time":0.1254135611,"remaining_time":0.5277820697},
{"learn":[83.25386129],"iteration":96,"passed_time":0.1267103003,"remaining_time":0.5264355775},
{"learn":[83.21671721],"iteration":97,"passed_time":0.1278551778,"remaining_time":0.5244671579},
{"learn":[83.19340347],"iteration":98,"passed_time":0.1290892897,"remaining_time":0.52287682},
{"learn":[83.15872275],"iteration":99,"passed_time":0.130313216,"remaining_time":0.5212528639},
{"learn":[83.12484711],"iteration":100,"passed_time":0.1320880097,"remaining_time":0.5218130285},
{"learn":[83.09086297],"iteration":101,"passed_time":0.1332710106,"remaining_time":0.5200182569},
{"learn":[83.0599688],"iteration":102,"passed_time":0.1344291647,"remaining_time":0.518139596},
{"learn":[83.03373981],"iteration":103,"passed_time":0.1355586884,"remaining_time":0.5161657752},
{"learn":[83.01413981],"iteration":104,"passed_time":0.1366501455,"remaining_time":0.5140648331},
{"learn":[82.98527182],"iteration":105,"passed_time":0.1380427221,"remaining_time":0.5131021936},
{"learn":[82.95820386],"iteration":106,"passed_time":0.1391886918,"remaining_time":0.511225756},
{"learn":[82.93849708],"iteration":107,"passed_time":0.1403857754,"remaining_time":0.5095483699},
{"learn":[82.91796732],"iteration":108,"passed_time":0.1416079834,"remaining_time":0.507969922},
{"learn":[82.89340212],"iteration":109,"passed_time":0.1430244167,"remaining_time":0.5070865685},
{"learn":[82.87018003],"iteration":110,"passed_time":0.1442039727,"remaining_time":0.505363472},
{"learn":[82.85608933],"iteration":111,"passed_time":0.1453681516,"remaining_time":0.503596811},
{"learn":[82.84228268],"iteration":112,"passed_time":0.1469894143,"remaining_time":0.5034062243},
{"learn":[82.81953889],"iteration":113,"passed_time":0.1483794727,"remaining_time":0.5024076884},
{"learn":[82.80445181],"iteration":114,"passed_time":0.150013451,"remaining_time":0.5022189446},
{"learn":[82.77405014],"iteration":115,"passed_time":0.1512517783,"remaining_time":0.5006955419},
{"learn":[82.75234857],"iteration":116,"passed_time":0.1529092883,"remaining_time":0.5005492086},
{"learn":[82.71542739],"iteration":117,"passed_time":0.1540406042,"remaining_time":0.4986738202},
{"learn":[82.68852783],"iteration":118,"passed_time":0.1552938475,"remaining_time":0.4972013099},
{"learn":[82.66669141],"iteration":119,"passed_time":0.1564387461,"remaining_time":0.4953893626},
{"learn":[82.65291739],"iteration":120,"passed_time":0.1576896206,"remaining_time":0.4939203819},
{"learn":[82.62660737],"iteration":121,"passed_time":0.1591784608,"remaining_time":0.4931922801},
{"learn":[82.5931782],"iteration":122,"passed_time":0.1603630416,"remaining_time":0.4915192412},
{"learn":[82.57899392],"iteration":123,"passed_time":0.1615787809,"remaining_time":0.4899485616},
{"learn":[82.55577735],"iteration":124,"passed_time":0.1627326592,"remaining_time":0.4881979775},
{"learn":[82.5383696],"iteration":125,"passed_time":0.1639993941,"remaining_time":0.4867918524},
{"learn":[82.51611263],"iteration":126,"passed_time":0.1651739148,"remaining_time":0.4851170882},
{"learn":[82.49575423],"iteration":127,"passed_time":0.1663432451,"remaining_time":0.483435056},
{"learn":[82.47667385],"iteration":128,"passed_time":0.1675950718,"remaining_time":0.4819982297},
{"learn":[82.45749877],"iteration":129,"passed_time":0.1687415953,"remaining_time":0.4802645406},
{"learn":[82.43733872],"iteration":130,"passed_time":0.1701149228,"remaining_time":0.4791786757},
{"learn":[82.40991011],"iteration":131,"passed_time":0.1717771504,"remaining_time":0.4788938738},
{"learn":[82.39171753],"iteration":132,"passed_time":0.1729897877,"remaining_time":0.47734776},
{"learn":[82.38308419],"iteration":133,"passed_time":0.1741406694,"remaining_time":0.4756379477},
{"learn":[82.36755844],"iteration":134,"passed_time":0.1753216792,"remaining_time":0.4740178734},
{"learn":[82.35249987],"iteration":135,"passed_time":0.1767618176,"remaining_time":0.473097806},
{"learn":[82.34243785],"iteration":136,"passed_time":0.1784594014,"remaining_time":0.4728522826},
{"learn":[82.32574111],"iteration":137,"passed_time":0.1800513499,"remaining_time":0.4723086134},
{"learn":[82.3121214],"iteration":138,"passed_time":0.1815876191,"remaining_time":0.4716052553},
{"learn":[82.28508143],"iteration":139,"passed_time":0.1833094118,"remaining_time":0.4713670589},
{"learn":[82.26736404],"iteration":140,"passed_time":0.1856809604,"remaining_time":0.4727621617},
{"learn":[82.24806265],"iteration":141,"passed_time":0.1877480397,"remaining_time":0.4733366071},
{"learn":[82.23510475],"iteration":142,"passed_time":0.1897169182,"remaining_time":0.4736289497},
{"learn":[82.20405969],"iteration":143,"passed_time":0.1918113691,"remaining_time":0.474200329},
{"learn":[82.1765045],"iteration":144,"passed_time":0.1940859597,"remaining_time":0.4751759704},
{"learn":[82.14716551],"iteration":145,"passed_time":0.195919502,"remaining_time":0.4750376966},
{"learn":[82.12025466],"iteration":146,"passed_time":0.1979714425,"remaining_time":0.4754008108},
{"learn":[82.09651177],"iteration":147,"passed_time":0.1997733961,"remaining_time":0.4751367259},
{"learn":[82.08395563],"iteration":148,"passed_time":0.2013971509,"remaining_time":0.4744322146},
{"learn":[82.05463106],"iteration":149,"passed_time":0.2026760537,"remaining_time":0.4729107919},
{"learn":[82.03603894],"iteration":150,"passed_time":0.20389761,"remaining_time":0.4712600391},
{"learn":[82.03030764],"iteration":151,"passed_time":0.2053540478,"remaining_time":0.4701526883},
{"learn":[82.01793812],"iteration":152,"passed_time":0.2065615453,"remaining_time":0.4684761844},
{"learn":[82.00242052],"iteration":153,"passed_time":0.2078677924,"remaining_time":0.4670276374},
{"learn":[81.99376087],"iteration":154,"passed_time":0.2089792069,"remaining_time":0.465147267},
{"learn":[81.97940485],"iteration":155,"passed_time":0.2102037681,"remaining_time":0.463526258},
{"learn":[81.97498518],"iteration":156,"passed_time":0.2115825071,"remaining_time":0.4622471332},
{"learn":[81.94536583],"iteration":157,"passed_time":0.2128441089,"remaining_time":0.4607131977},
{"learn":[81.92516115],"iteration":158,"passed_time":0.2141648698,"remaining_time":0.4593095635},
{"learn":[81.887833],"iteration":159,"passed_time":0.2155983485,"remaining_time":0.4581464906},
{"learn":[81.86417902],"iteration":160,"passed_time":0.2168239625,"remaining_time":0.4565423806},
{"learn":[81.83744964],"iteration":161,"passed_time":0.2186704108,"remaining_time":0.4562382646},
{"learn":[81.80816203],"iteration":162,"passed_time":0.2201159985,"remaining_time":0.4550864508},
{"learn":[81.78597153],"iteration":163,"passed_time":0.2216242778,"remaining_time":0.454059496},
{"learn":[81.76430422],"iteration":164,"passed_time":0.2236051558,"remaining_time":0.4539862255},
{"learn":[81.74116701],"iteration":165,"passed_time":0.2251545867,"remaining_time":0.4530218792},
{"learn":[81.71242569],"iteration":166,"passed_time":0.2265291019,"remaining_time":0.4517017421},
{"learn":[81.6949895],"iteration":167,"passed_time":0.2276589295,"remaining_time":0.4498974083},
{"learn":[81.68361897],"iteration":168,"passed_time":0.2287604345,"remaining_time":0.4480455847},
{"learn":[81.66743967],"iteration":169,"passed_time":0.2300596941,"remaining_time":0.446586465},
{"learn":[81.66039964],"iteration":170,"passed_time":0.2312324282,"remaining_time":0.4448857828},
{"learn":[81.60198449],"iteration":171,"passed_time":0.2326786958,"remaining_time":0.4437128617},
{"learn":[81.5659761],"iteration":172,"passed_time":0.2337946373,"remaining_time":0.4419124069},
{"learn":[81.54897148],"iteration":173,"passed_time":0.2353339964,"remaining_time":0.4409131197},
{"learn":[81.53484581],"iteration":174,"passed_time":0.2365058166,"remaining_time":0.439225088},
{"learn":[81.51081172],"iteration":175,"passed_time":0.2376961616,"remaining_time":0.4375770247},
{"learn":[81.5022095],"iteration":176,"passed_time":0.238807505,"remaining_time":0.4357899667},
{"learn":[81.48179136],"iteration":177,"passed_time":0.2399385903,"remaining_time":0.434046214},
{"learn":[81.46653242],"iteration":178,"passed_time":0.2409847066,"remaining_time":0.432156932},
{"learn":[81.45105845],"iteration":179,"passed_time":0.2421089367,"remaining_time":0.4304158875},
{"learn":[81.44174603],"iteration":180,"passed_time":0.2431729733,"remaining_time":0.4285755717},
{"learn":[81.41561259],"iteration":181,"passed_time":0.2445263133,"remaining_time":0.4272492727},
{"learn":[81.40225456],"iteration":182,"passed_time":0.2456786611,"remaining_time":0.4255745112},
{"learn":[81.38006396],"iteration":183,"passed_time":0.2469299017,"remaining_time":0.4240752659},
{"learn":[81.35983974],"iteration":184,"passed_time":0.2482254559,"remaining_time":0.4226541547},
{"learn":[81.32765512],"iteration":185,"passed_time":0.2494078073,"remaining_time":0.4210432876},
{"learn":[81.32261195],"iteration":186,"passed_time":0.2505101711,"remaining_time":0.4193031207},
{"learn":[81.29371862],"iteration":187,"passed_time":0.2517941698,"remaining_time":0.4178711754},
{"learn":[81.28496009],"iteration":188,"passed_time":0.2528723958,"remaining_time":0.4161021962},
{"learn":[81.28114374],"iteration":189,"passed_time":0.2539157172,"remaining_time":0.4142835385},
{"learn":[81.2613557],"iteration":190,"passed_time":0.2550563499,"remaining_time":0.4126304299},
{"learn":[81.23014159],"iteration":191,"passed_time":0.2562759191,"remaining_time":0.4111092869},
{"learn":[81.21921651],"iteration":192,"passed_time":0.2576002315,"remaining_time":0.4097578812},
{"learn":[81.21030248],"iteration":193,"passed_time":0.2586796097,"remaining_time":0.4080204152},
{"learn":[81.19354686],"iteration":194,"passed_time":0.2598152298,"remaining_time":0.4063776671},
{"learn":[81.16642591],"iteration":195,"passed_time":0.2608802308,"remaining_time":0.4046305621},
{"learn":[81.14327515],"iteration":196,"passed_time":0.2622722553,"remaining_time":0.4033933672},
{"learn":[81.1331379],"iteration":197,"passed_time":0.2635716626,"remaining_time":0.402013344},
{"learn":[81.11158693],"iteration":198,"passed_time":0.2651599707,"remaining_time":0.4010711114},
{"learn":[81.09071495],"iteration":199,"passed_time":0.266279616,"remaining_time":0.3994194239},
{"learn":[81.07327807],"iteration":200,"passed_time":0.2673865724,"remaining_time":0.3977541549},
{"learn":[81.05444676],"iteration":201,"passed_time":0.2686873014,"remaining_time":0.3963802763},
{"learn":[81.03322841],"iteration":202,"passed_time":0.2700880882,"remaining_time":0.3951535083},
{"learn":[80.99805951],"iteration":203,"passed_time":0.277703436,"remaining_time":0.4029422405},
{"learn":[80.98407546],"iteration":204,"passed_time":0.2789752285,"remaining_time":0.4014521581},
{"learn":[80.9664152],"iteration":205,"passed_time":0.2800839054,"remaining_time":0.399731399},
{"learn":[80.94646685],"iteration":206,"passed_time":0.2812367764,"remaining_time":0.3980791087},
{"learn":[80.93126191],"iteration":207,"passed_time":0.2828587352,"remaining_time":0.3970901475},
{"learn":[80.91866916],"iteration":208,"passed_time":0.2843697672,"remaining_time":0.3959406807},
{"learn":[80.90289503],"iteration":209,"passed_time":0.2858291798,"remaining_time":0.3947164864},
{"learn":[80.88742238],"iteration":210,"passed_time":0.2873123825,"remaining_time":0.3935226471},
{"learn":[80.8590056],"iteration":211,"passed_time":0.2891356652,"remaining_time":0.3927880734},
{"learn":[80.85255454],"iteration":212,"passed_time":0.2904157218,"remaining_time":0.3913113246},
{"learn":[80.83291239],"iteration":213,"passed_time":0.2919407131,"remaining_time":0.3901637568},
{"learn":[80.8201924],"iteration":214,"passed_time":0.2934036017,"remaining_time":0.3889303557},
{"learn":[80.81280375],"iteration":215,"passed_time":0.2946795579,"remaining_time":0.3874490483},
{"learn":[80.78302501],"iteration":216,"passed_time":0.2960561952,"remaining_time":0.3861009366},
{"learn":[80.77234543],"iteration":217,"passed_time":0.2974799427,"remaining_time":0.3848135038},
{"learn":[80.75496678],"iteration":218,"passed_time":0.298785522,"remaining_time":0.3833732041},
{"learn":[80.73476302],"iteration":219,"passed_time":0.3002901082,"remaining_time":0.3821874104},
{"learn":[80.7230363],"iteration":220,"passed_time":0.3025690665,"remaining_time":0.3819763328},
{"learn":[80.70230841],"iteration":221,"passed_time":0.3040608565,"remaining_time":0.3807608924},
{"learn":[80.66729078],"iteration":222,"passed_time":0.3053926747,"remaining_time":0.3793442641},
{"learn":[80.63484253],"iteration":223,"passed_time":0.3066990057,"remaining_time":0.3778969891},
{"learn":[80.60520351],"iteration":224,"passed_time":0.3079034656,"remaining_time":0.3763264579},
{"learn":[80.59278538],"iteration":225,"passed_time":0.3092219249,"remaining_time":0.374897378},
{"learn":[80.57117044],"iteration":226,"passed_time":0.3106579207,"remaining_time":0.3736106271},
{"learn":[80.55006926],"iteration":227,"passed_time":0.3119794777,"remaining_time":0.3721860436},
{"learn":[80.5464603],"iteration":228,"passed_time":0.3134795418,"remaining_time":0.3709736063},
{"learn":[80.52557418],"iteration":229,"passed_time":0.3151350042,"remaining_time":0.3699410918},
{"learn":[80.50683001],"iteration":230,"passed_time":0.3167241288,"remaining_time":0.3688259336},
{"learn":[80.48451733],"iteration":231,"passed_time":0.3179637938,"remaining_time":0.3673030032},
{"learn":[80.46023718],"iteration":232,"passed_time":0.3198418986,"remaining_time":0.366514107},
{"learn":[80.43589497],"iteration":233,"passed_time":0.3230906104,"remaining_time":0.3672739417},
{"learn":[80.4067786],"iteration":234,"passed_time":0.3243889523,"remaining_time":0.3658003079},
{"learn":[80.38829664],"iteration":235,"passed_time":0.3255216342,"remaining_time":0.364142845},
{"learn":[80.37659741],"iteration":236,"passed_time":0.3265656717,"remaining_time":0.3623914416},
{"learn":[80.37444252],"iteration":237,"passed_time":0.3278467032,"remaining_time":0.360906875},
{"learn":[80.34918972],"iteration":238,"passed_time":0.3290372282,"remaining_time":0.3593251739},
{"learn":[80.3212313],"iteration":239,"passed_time":0.3302222356,"remaining_time":0.3577407552},
{"learn":[80.31368791],"iteration":240,"passed_time":0.3312510149,"remaining_time":0.3559917546},
{"learn":[80.29386871],"iteration":241,"passed_time":0.3323536215,"remaining_time":0.3543274146},
{"learn":[80.26901972],"iteration":242,"passed_time":0.3334528537,"remaining_time":0.3526641293},
{"learn":[80.2417196],"iteration":243,"passed_time":0.3345246661,"remaining_time":0.3509766989},
{"learn":[80.22738354],"iteration":244,"passed_time":0.3355928192,"remaining_time":0.3492904853},
{"learn":[80.20739603],"iteration":245,"passed_time":0.336808107,"remaining_time":0.3477612161},
{"learn":[80.20261394],"iteration":246,"passed_time":0.3378168555,"remaining_time":0.3460229329},
{"learn":[80.18223065],"iteration":247,"passed_time":0.3388919783,"remaining_time":0.3443579779},
{"learn":[80.15762709],"iteration":248,"passed_time":0.3400592942,"remaining_time":0.3427906942},
{"learn":[80.13520189],"iteration":249,"passed_time":0.3411931333,"remaining_time":0.3411931333},
{"learn":[80.11347257],"iteration":250,"passed_time":0.3422940639,"remaining_time":0.3395666211},
{"learn":[80.09569113],"iteration":251,"passed_time":0.3434598032,"remaining_time":0.3380080603},
{"learn":[80.09112816],"iteration":252,"passed_time":0.344450687,"remaining_time":0.336281896},
{"learn":[80.05859516],"iteration":253,"passed_time":0.3455945517,"remaining_time":0.334709684},
{"learn":[80.04454257],"iteration":254,"passed_time":0.3466513242,"remaining_time":0.3330571546},
{"learn":[80.0274916],"iteration":255,"passed_time":0.3480181875,"remaining_time":0.331704835},
{"learn":[80.00505457],"iteration":256,"passed_time":0.3491369029,"remaining_time":0.330117772},
{"learn":[79.99288928],"iteration":257,"passed_time":0.3502331092,"remaining_time":0.3285132264},
{"learn":[79.9664911],"iteration":258,"passed_time":0.3513645834,"remaining_time":0.3269454231},
{"learn":[79.9300503],"iteration":259,"passed_time":0.3524699787,"remaining_time":0.3253569034},
{"learn":[79.90532249],"iteration":260,"passed_time":0.3535823516,"remaining_time":0.3237784752},
{"learn":[79.87318894],"iteration":261,"passed_time":0.3547440633,"remaining_time":0.3222484239},
{"learn":[79.83773079],"iteration":262,"passed_time":0.3559971661,"remaining_time":0.3208035299},
{"learn":[79.82039001],"iteration":263,"passed_time":0.3573447125,"remaining_time":0.3194445157},
{"learn":[79.80022051],"iteration":264,"passed_time":0.3584346863,"remaining_time":0.3178571746},
{"learn":[79.78205334],"iteration":265,"passed_time":0.3595108229,"remaining_time":0.3162614006},
{"learn":[79.7602511],"iteration":266,"passed_time":0.3606654394,"remaining_time":0.3147380052},
{"learn":[79.73797472],"iteration":267,"passed_time":0.3617803294,"remaining_time":0.3131829717},
{"learn":[79.70783222],"iteration":268,"passed_time":0.3633094272,"remaining_time":0.3119869059},
{"learn":[79.68281835],"iteration":269,"passed_time":0.3644692885,"remaining_time":0.3104738384},
{"learn":[79.65537217],"iteration":270,"passed_time":0.3655719996,"remaining_time":0.3089150845},
{"learn":[79.62990103],"iteration":271,"passed_time":0.3666447102,"remaining_time":0.3073345365},
{"learn":[79.60981478],"iteration":272,"passed_time":0.3682559945,"remaining_time":0.3062055339},
{"learn":[79.58241778],"iteration":273,"passed_time":0.369529923,"remaining_time":0.304794754},
{"learn":[79.56695944],"iteration":274,"passed_time":0.3706371427,"remaining_time":0.3032485713},
{"learn":[79.55143963],"iteration":275,"passed_time":0.3717547759,"remaining_time":0.301714021},
{"learn":[79.53496497],"iteration":276,"passed_time":0.3728119317,"remaining_time":0.3001337934},
{"learn":[79.5193981],"iteration":277,"passed_time":0.3739805215,"remaining_time":0.2986463157},
{"learn":[79.49867048],"iteration":278,"passed_time":0.3751697976,"remaining_time":0.2971775099},
{"learn":[79.47100188],"iteration":279,"passed_time":0.3764173767,"remaining_time":0.2957565103},
{"learn":[79.45189923],"iteration":280,"passed_time":0.3775624731,"remaining_time":0.294256874},
{"learn":[79.44719554],"iteration":281,"passed_time":0.3785376642,"remaining_time":0.292628407},
{"learn":[79.42578445],"iteration":282,"passed_time":0.3796939684,"remaining_time":0.2911434316},
{"learn":[79.41396535],"iteration":283,"passed_time":0.380748611,"remaining_time":0.2895834506},
{"learn":[79.38673508],"iteration":284,"passed_time":0.3818537741,"remaining_time":0.2880651278},
{"learn":[79.35758401],"iteration":285,"passed_time":0.3837019674,"remaining_time":0.2871056679},
{"learn":[79.34039013],"iteration":286,"passed_time":0.3849187251,"remaining_time":0.2856713883},
{"learn":[79.32708549],"iteration":287,"passed_time":0.3860379504,"remaining_time":0.2841668246},
{"learn":[79.31683195],"iteration":288,"passed_time":0.3870801946,"remaining_time":0.2826087234},
{"learn":[79.29173284],"iteration":289,"passed_time":0.3881868088,"remaining_time":0.2811007926},
{"learn":[79.27428961],"iteration":290,"passed_time":0.3897811688,"remaining_time":0.2799459254},
{"learn":[79.25591119],"iteration":291,"passed_time":0.3908555883,"remaining_time":0.2784176793},
{"learn":[79.23730245],"iteration":292,"passed_time":0.3919763941,"remaining_time":0.2769253023},
{"learn":[79.20835164],"iteration":293,"passed_time":0.3930681856,"remaining_time":0.2754151232},
{"learn":[79.18867883],"iteration":294,"passed_time":0.394186867,"remaining_time":0.2739264669},
{"learn":[79.17436654],"iteration":295,"passed_time":0.3953079995,"remaining_time":0.2724419996},
{"learn":[79.15445286],"iteration":296,"passed_time":0.3964413714,"remaining_time":0.2709683447},
{"learn":[79.13978009],"iteration":297,"passed_time":0.397520334,"remaining_time":0.2694600922},
{"learn":[79.12250593],"iteration":298,"passed_time":0.3987250844,"remaining_time":0.2680392708},
{"learn":[79.10159806],"iteration":299,"passed_time":0.3998475663,"remaining_time":0.2665650442},
{"learn":[79.08394664],"iteration":300,"passed_time":0.4009242784,"remaining_time":0.265062895},
{"learn":[79.07249409],"iteration":301,"passed_time":0.4019962686,"remaining_time":0.2635604675},
{"learn":[79.06049961],"iteration":302,"passed_time":0.4032295605,"remaining_time":0.2621657539},
{"learn":[79.0413391],"iteration":303,"passed_time":0.4042925361,"remaining_time":0.260662293},
{"learn":[79.02994345],"iteration":304,"passed_time":0.4053680183,"remaining_time":0.2591697166},
{"learn":[78.99737949],"iteration":305,"passed_time":0.4064902301,"remaining_time":0.2577094923},
{"learn":[78.98278442],"iteration":306,"passed_time":0.4079467401,"remaining_time":0.2564616314},
{"learn":[78.95558893],"iteration":307,"passed_time":0.4093460475,"remaining_time":0.2551767569},
{"learn":[78.94187861],"iteration":308,"passed_time":0.4104339414,"remaining_time":0.2536986499},
{"learn":[78.92281071],"iteration":309,"passed_time":0.4115795428,"remaining_time":0.2522584295},
{"learn":[78.89908173],"iteration":310,"passed_time":0.412635912,"remaining_time":0.2507658758},
{"learn":[78.88073723],"iteration":311,"passed_time":0.4140240838,"remaining_time":0.2494760505},
{"learn":[78.8644155],"iteration":312,"passed_time":0.4151413481,"remaining_time":0.2480237447},
{"learn":[78.85946893],"iteration":313,"passed_time":0.4162402448,"remaining_time":0.2465626928},
{"learn":[78.83502887],"iteration":314,"passed_time":0.4173246417,"remaining_time":0.2450954245},
{"learn":[78.81584789],"iteration":315,"passed_time":0.4187991736,"remaining_time":0.2438577466},
{"learn":[78.78988605],"iteration":316,"passed_time":0.4201050801,"remaining_time":0.2425212292},
{"learn":[78.76694459],"iteration":317,"passed_time":0.4216719508,"remaining_time":0.2413342611},
{"learn":[78.74170937],"iteration":318,"passed_time":0.4229503019,"remaining_time":0.2399812058},
{"learn":[78.71582802],"iteration":319,"passed_time":0.4240945655,"remaining_time":0.2385531931},
{"learn":[78.68627351],"iteration":320,"passed_time":0.4252763108,"remaining_time":0.2371478493},
{"learn":[78.67092562],"iteration":321,"passed_time":0.4263311501,"remaining_time":0.2356737414},
{"learn":[78.65296719],"iteration":322,"passed_time":0.4276666426,"remaining_time":0.2343560239},
{"learn":[78.64183532],"iteration":323,"passed_time":0.4288169443,"remaining_time":0.2329375994},
{"learn":[78.63503507],"iteration":324,"passed_time":0.4300369068,"remaining_time":0.2315583344},
{"learn":[78.62589188],"iteration":325,"passed_time":0.4311428144,"remaining_time":0.2301191709},
{"learn":[78.60276772],"iteration":326,"passed_time":0.4323576355,"remaining_time":0.2287396665},
{"learn":[78.58212041],"iteration":327,"passed_time":0.4337227794,"remaining_time":0.2274399941},
{"learn":[78.56723315],"iteration":328,"passed_time":0.4348079851,"remaining_time":0.2259944239},
{"learn":[78.55154688],"iteration":329,"passed_time":0.4361720847,"remaining_time":0.2246947103},
{"learn":[78.52704795],"iteration":330,"passed_time":0.4373446682,"remaining_time":0.2232968245},
{"learn":[78.50704213],"iteration":331,"passed_time":0.4384692743,"remaining_time":0.2218760183},
{"learn":[78.49319095],"iteration":332,"passed_time":0.4395428928,"remaining_time":0.2204314207},
{"learn":[78.47406128],"iteration":333,"passed_time":0.4406561439,"remaining_time":0.2190087422},
{"learn":[78.45465096],"iteration":334,"passed_time":0.4417117892,"remaining_time":0.217559538},
{"learn":[78.43638876],"iteration":335,"passed_time":0.4429012753,"remaining_time":0.2161780034},
{"learn":[78.41927317],"iteration":336,"passed_time":0.4440554396,"remaining_time":0.2147805242},
{"learn":[78.40083782],"iteration":337,"passed_time":0.4451483344,"remaining_time":0.2133551189},
{"learn":[78.391757],"iteration":338,"passed_time":0.4463225067,"remaining_time":0.2119702761},
{"learn":[78.37631233],"iteration":339,"passed_time":0.4474561697,"remaining_time":0.2105676093},
{"learn":[78.37456199],"iteration":340,"passed_time":0.4487443765,"remaining_time":0.2092385803},
{"learn":[78.35612884],"iteration":341,"passed_time":0.4501377181,"remaining_time":0.207958361},
{"learn":[78.33136806],"iteration":342,"passed_time":0.4512434029,"remaining_time":0.2065458142},
{"learn":[78.3207249],"iteration":343,"passed_time":0.4523197184,"remaining_time":0.2051217328},
{"learn":[78.30486425],"iteration":344,"passed_time":0.4534067468,"remaining_time":0.2037044804},
{"learn":[78.29167817],"iteration":345,"passed_time":0.4544866822,"remaining_time":0.2022859799},
{"learn":[78.27486183],"iteration":346,"passed_time":0.4557352923,"remaining_time":0.2009438033},
{"learn":[78.25743832],"iteration":347,"passed_time":0.4568275499,"remaining_time":0.1995338724},
{"learn":[78.23239555],"iteration":348,"passed_time":0.4579796305,"remaining_time":0.1981516453},
{"learn":[78.21758824],"iteration":349,"passed_time":0.4590867768,"remaining_time":0.1967514758},
{"learn":[78.19937478],"iteration":350,"passed_time":0.46052116,"remaining_time":0.1954918884},
{"learn":[78.18565589],"iteration":351,"passed_time":0.4616843806,"remaining_time":0.1941172964},
{"learn":[78.18445855],"iteration":352,"passed_time":0.46296187,"remaining_time":0.192791487},
{"learn":[78.17282567],"iteration":353,"passed_time":0.464095288,"remaining_time":0.1914065312},
{"learn":[78.1559822],"iteration":354,"passed_time":0.465258202,"remaining_time":0.1900350402},
{"learn":[78.14106753],"iteration":355,"passed_time":0.4663053443,"remaining_time":0.1886178921},
{"learn":[78.12792867],"iteration":356,"passed_time":0.4674237102,"remaining_time":0.1872313461},
{"learn":[78.1178826],"iteration":357,"passed_time":0.4687420129,"remaining_time":0.1859256029},
{"learn":[78.10792926],"iteration":358,"passed_time":0.4698983744,"remaining_time":0.184556186},
{"learn":[78.08519589],"iteration":359,"passed_time":0.4710441579,"remaining_time":0.1831838392},
{"learn":[78.07980248],"iteration":360,"passed_time":0.4721377399,"remaining_time":0.1817926478},
{"learn":[78.06472985],"iteration":361,"passed_time":0.4732353534,"remaining_time":0.1804046375},
{"learn":[78.05060602],"iteration":362,"passed_time":0.4743665548,"remaining_time":0.1790309036},
{"learn":[78.03419822],"iteration":363,"passed_time":0.4756468825,"remaining_time":0.1777142198},
{"learn":[78.01099195],"iteration":364,"passed_time":0.4767525228,"remaining_time":0.1763331249},
{"learn":[77.98943024],"iteration":365,"passed_time":0.4778836087,"remaining_time":0.1749628513},
{"learn":[77.96567806],"iteration":366,"passed_time":0.4789980565,"remaining_time":0.1735878515},
{"learn":[77.96096596],"iteration":367,"passed_time":0.4803194168,"remaining_time":0.1722884865},
{"learn":[77.94123089],"iteration":368,"passed_time":0.4819078637,"remaining_time":0.1710838215},
{"learn":[77.9263037],"iteration":369,"passed_time":0.483174057,"remaining_time":0.1697638579},
{"learn":[77.92214759],"iteration":370,"passed_time":0.48420728,"remaining_time":0.1683631782},
{"learn":[77.89926278],"iteration":371,"passed_time":0.4852795134,"remaining_time":0.1669778971},
{"learn":[77.8826061],"iteration":372,"passed_time":0.4864174113,"remaining_time":0.1656166521},
{"learn":[77.87205223],"iteration":373,"passed_time":0.4875030291,"remaining_time":0.1642389884},
{"learn":[77.86760268],"iteration":374,"passed_time":0.4885911358,"remaining_time":0.1628637119},
{"learn":[77.8503876],"iteration":375,"passed_time":0.4895932218,"remaining_time":0.1614615944},
{"learn":[77.82912628],"iteration":376,"passed_time":0.490728757,"remaining_time":0.1601051382},
{"learn":[77.81198371],"iteration":377,"passed_time":0.4921397328,"remaining_time":0.1588387497},
{"learn":[77.79501548],"iteration":378,"passed_time":0.4932250168,"remaining_time":0.1574676175},
{"learn":[77.7747598],"iteration":379,"passed_time":0.494625347,"remaining_time":0.156197478},
{"learn":[77.75368084],"iteration":380,"passed_time":0.4958184874,"remaining_time":0.1548619422},
{"learn":[77.72949561],"iteration":381,"passed_time":0.4968570134,"remaining_time":0.1534793916},
{"learn":[77.71667655],"iteration":382,"passed_time":0.4979281353,"remaining_time":0.1521085949},
{"learn":[77.69743156],"iteration":383,"passed_time":0.4990038358,"remaining_time":0.1507407421},
{"learn":[77.67699828],"iteration":384,"passed_time":0.5001340107,"remaining_time":0.1493906785},
{"learn":[77.66840996],"iteration":385,"passed_time":0.501365651,"remaining_time":0.1480717208},
{"learn":[77.65308537],"iteration":386,"passed_time":0.5026857553,"remaining_time":0.1467790448},
{"learn":[77.63389802],"iteration":387,"passed_time":0.5038446933,"remaining_time":0.1454397053},
{"learn":[77.62963854],"iteration":388,"passed_time":0.5049153368,"remaining_time":0.1440760987},
{"learn":[77.61001731],"iteration":389,"passed_time":0.5059583738,"remaining_time":0.142706208},
{"learn":[77.5910339],"iteration":390,"passed_time":0.5070278918,"remaining_time":0.1413453714},
{"learn":[77.58697231],"iteration":391,"passed_time":0.5081434468,"remaining_time":0.1399987047},
{"learn":[77.57436619],"iteration":392,"passed_time":0.5094847201,"remaining_time":0.1387146693},
{"learn":[77.56502608],"iteration":393,"passed_time":0.5106040548,"remaining_time":0.137370634},
{"learn":[77.55832826],"iteration":394,"passed_time":0.5116274721,"remaining_time":0.1360022394},
{"learn":[77.55128158],"iteration":395,"passed_time":0.5125986834,"remaining_time":0.1346218764},
{"learn":[77.52620618],"iteration":396,"passed_time":0.5141667673,"remaining_time":0.1333984308},
{"learn":[77.52152415],"iteration":397,"passed_time":0.5157128433,"remaining_time":0.1321676131},
{"learn":[77.5055815],"iteration":398,"passed_time":0.5168144794,"remaining_time":0.1308227128},
{"learn":[77.49022108],"iteration":399,"passed_time":0.5179056131,"remaining_time":0.1294764033},
{"learn":[77.48784212],"iteration":400,"passed_time":0.518969162,"remaining_time":0.1281245562},
{"learn":[77.47760831],"iteration":401,"passed_time":0.5201989385,"remaining_time":0.1268146666},
{"learn":[77.463505],"iteration":402,"passed_time":0.5214088287,"remaining_time":0.1255003881},
{"learn":[77.44472609],"iteration":403,"passed_time":0.5226410024,"remaining_time":0.1241919214},
{"learn":[77.436587],"iteration":404,"passed_time":0.5237329511,"remaining_time":0.1228509392},
{"learn":[77.43015735],"iteration":405,"passed_time":0.5248311657,"remaining_time":0.1215126344},
{"learn":[77.4020647],"iteration":406,"passed_time":0.5263148911,"remaining_time":0.1202635992},
{"learn":[77.39579644],"iteration":407,"passed_time":0.5274358497,"remaining_time":0.1189316132},
{"learn":[77.38580073],"iteration":408,"passed_time":0.528941203,"remaining_time":0.1176861845},
{"learn":[77.38105452],"iteration":409,"passed_time":0.5300401059,"remaining_time":0.1163502671},
{"learn":[77.3650851],"iteration":410,"passed_time":0.5311125443,"remaining_time":0.1150097724},
{"learn":[77.34333736],"iteration":411,"passed_time":0.5322335923,"remaining_time":0.1136809615},
{"learn":[77.32619027],"iteration":412,"passed_time":0.5334086691,"remaining_time":0.112364538},
{"learn":[77.30416955],"iteration":413,"passed_time":0.5346322215,"remaining_time":0.1110588673},
{"learn":[77.28673868],"iteration":414,"passed_time":0.5358492825,"remaining_time":0.1097522627},
{"learn":[77.26976381],"iteration":415,"passed_time":0.537045045,"remaining_time":0.1084417879},
{"learn":[77.25532407],"iteration":416,"passed_time":0.5382284897,"remaining_time":0.1071294116},
{"learn":[77.25387342],"iteration":417,"passed_time":0.5393725911,"remaining_time":0.1058099341},
{"learn":[77.25019325],"iteration":418,"passed_time":0.5405221278,"remaining_time":0.1044923445},
{"learn":[77.24316039],"iteration":419,"passed_time":0.5417120345,"remaining_time":0.1031832447},
{"learn":[77.21758509],"iteration":420,"passed_time":0.5430446943,"remaining_time":0.1019014985},
{"learn":[77.21252816],"iteration":421,"passed_time":0.5441535262,"remaining_time":0.1005781399},
{"learn":[77.20680908],"iteration":422,"passed_time":0.5453158979,"remaining_time":0.0992655417},
{"learn":[77.20412011],"iteration":423,"passed_time":0.5464469394,"remaining_time":0.0979480363},
{"learn":[77.19220492],"iteration":424,"passed_time":0.5477283759,"remaining_time":0.09665794868},
{"learn":[77.18870417],"iteration":425,"passed_time":0.5488619272,"remaining_time":0.09534221271},
{"learn":[77.16410941],"iteration":426,"passed_time":0.5500020799,"remaining_time":0.09402845863},
{"learn":[77.15043327],"iteration":427,"passed_time":0.551110954,"remaining_time":0.09271025395},
{"learn":[77.13566127],"iteration":428,"passed_time":0.5524872092,"remaining_time":0.09143727704},
{"learn":[77.11562196],"iteration":429,"passed_time":0.5536017252,"remaining_time":0.09012121108},
{"learn":[77.09692936],"iteration":430,"passed_time":0.5547822256,"remaining_time":0.08881664401},
{"learn":[77.09430565],"iteration":431,"passed_time":0.5558453595,"remaining_time":0.08749417696},
{"learn":[77.07291381],"iteration":432,"passed_time":0.5569650253,"remaining_time":0.08618165519},
{"learn":[77.06004136],"iteration":433,"passed_time":0.5581340284,"remaining_time":0.08487752506},
{"learn":[77.04044807],"iteration":434,"passed_time":0.5593509633,"remaining_time":0.08358117843},
{"learn":[77.02737668],"iteration":435,"passed_time":0.5605865335,"remaining_time":0.08228793153},
{"learn":[77.02117058],"iteration":436,"passed_time":0.562454957,"remaining_time":0.08108618374},
{"learn":[77.00610722],"iteration":437,"passed_time":0.5635736457,"remaining_time":0.07977526492},
{"learn":[76.99287791],"iteration":438,"passed_time":0.5647146706,"remaining_time":0.07846832553},
{"learn":[76.97568698],"iteration":439,"passed_time":0.5658582448,"remaining_time":0.07716248793},
{"learn":[76.96459926],"iteration":440,"passed_time":0.5669829988,"remaining_time":0.07585486832},
{"learn":[76.95566776],"iteration":441,"passed_time":0.5682462678,"remaining_time":0.07456625233},
{"learn":[76.94567193],"iteration":442,"passed_time":0.5693892576,"remaining_time":0.07326227468},
{"learn":[76.93403238],"iteration":443,"passed_time":0.5705272537,"remaining_time":0.07195839236},
{"learn":[76.93041369],"iteration":444,"passed_time":0.5717107318,"remaining_time":0.07066087696},
{"learn":[76.91428531],"iteration":445,"passed_time":0.5729845619,"remaining_time":0.06937481243},
{"learn":[76.91120001],"iteration":446,"passed_time":0.5740564449,"remaining_time":0.06806485812},
{"learn":[76.90685406],"iteration":447,"passed_time":0.5758812992,"remaining_time":0.06684336508},
{"learn":[76.89400534],"iteration":448,"passed_time":0.5772421294,"remaining_time":0.06556647795},
{"learn":[76.87830205],"iteration":449,"passed_time":0.5783726676,"remaining_time":0.06426362973},
{"learn":[76.86254241],"iteration":450,"passed_time":0.5797575412,"remaining_time":0.06298917854},
{"learn":[76.85959899],"iteration":451,"passed_time":0.5808761799,"remaining_time":0.061685966},
{"learn":[76.8548624],"iteration":452,"passed_time":0.5819816902,"remaining_time":0.06038220627},
{"learn":[76.8376538],"iteration":453,"passed_time":0.5833159694,"remaining_time":0.0591024991},
{"learn":[76.8214471],"iteration":454,"passed_time":0.5843787444,"remaining_time":0.0577957},
{"learn":[76.80211142],"iteration":455,"passed_time":0.5858871854,"remaining_time":0.05653297403},
{"learn":[76.80079595],"iteration":456,"passed_time":0.5869938185,"remaining_time":0.05523136585},
{"learn":[76.78313606],"iteration":457,"passed_time":0.588152732,"remaining_time":0.05393540337},
{"learn":[76.77330598],"iteration":458,"passed_time":0.5893237612,"remaining_time":0.05264112028},
{"learn":[76.7552992],"iteration":459,"passed_time":0.590590625,"remaining_time":0.05135570652},
{"learn":[76.74284118],"iteration":460,"passed_time":0.5918169973,"remaining_time":0.05006694771},
{"learn":[76.72781558],"iteration":461,"passed_time":0.5929979565,"remaining_time":0.0487747237},
{"learn":[76.71105659],"iteration":462,"passed_time":0.5942344233,"remaining_time":0.04748741612},
{"learn":[76.70643604],"iteration":463,"passed_time":0.5953273815,"remaining_time":0.04618919339},
{"learn":[76.70199226],"iteration":464,"passed_time":0.5964997366,"remaining_time":0.04489782964},
{"learn":[76.67924075],"iteration":465,"passed_time":0.5976603012,"remaining_time":0.0436061164},
{"learn":[76.66578519],"iteration":466,"passed_time":0.5988307965,"remaining_time":0.04231566656},
{"learn":[76.6644597],"iteration":467,"passed_time":0.5999089814,"remaining_time":0.04101941753},
{"learn":[76.65674872],"iteration":468,"passed_time":0.6010563532,"remaining_time":0.03972867154},
{"learn":[76.65049714],"iteration":469,"passed_time":0.6022639358,"remaining_time":0.03844237888},
{"learn":[76.63498747],"iteration":470,"passed_time":0.6033009891,"remaining_time":0.03714592077},
{"learn":[76.62396954],"iteration":471,"passed_time":0.604447956,"remaining_time":0.03585708214},
{"learn":[76.62278259],"iteration":472,"passed_time":0.6080341769,"remaining_time":0.03470808198},
{"learn":[76.6147213],"iteration":473,"passed_time":0.6096151102,"remaining_time":0.03343880351},
{"learn":[76.61250804],"iteration":474,"passed_time":0.6108903926,"remaining_time":0.03215212592},
{"learn":[76.59906146],"iteration":475,"passed_time":0.6127632875,"remaining_time":0.03089562794},
{"learn":[76.59059672],"iteration":476,"passed_time":0.6150301508,"remaining_time":0.02965554186},
{"learn":[76.56694453],"iteration":477,"passed_time":0.6163644161,"remaining_time":0.02836823672},
{"learn":[76.55753031],"iteration":478,"passed_time":0.6175459831,"remaining_time":0.02707404101},
{"learn":[76.55170488],"iteration":479,"passed_time":0.6187079888,"remaining_time":0.02577949953},
{"learn":[76.53336106],"iteration":480,"passed_time":0.6199595627,"remaining_time":0.02448904717},
{"learn":[76.51091802],"iteration":481,"passed_time":0.6214990412,"remaining_time":0.02320950776},
{"learn":[76.49120134],"iteration":482,"passed_time":0.6226884579,"remaining_time":0.02191657098},
{"learn":[76.473825],"iteration":483,"passed_time":0.6238608936,"remaining_time":0.02062350062},
{"learn":[76.45616199],"iteration":484,"passed_time":0.6250338593,"remaining_time":0.0193309441},
{"learn":[76.44186452],"iteration":485,"passed_time":0.6261873253,"remaining_time":0.01803831801},
{"learn":[76.43931348],"iteration":486,"passed_time":0.6272944423,"remaining_time":0.01674502618},
{"learn":[76.41997128],"iteration":487,"passed_time":0.6285126521,"remaining_time":0.01545522915},
{"learn":[76.41836422],"iteration":488,"passed_time":0.6296352145,"remaining_time":0.01416357333},
{"learn":[76.40598059],"iteration":489,"passed_time":0.6307646583,"remaining_time":0.01287274813},
{"learn":[76.3929893],"iteration":490,"passed_time":0.631912824,"remaining_time":0.01158292345},
{"learn":[76.38093107],"iteration":491,"passed_time":0.633049073,"remaining_time":0.01029348086},
{"learn":[76.3681722],"iteration":492,"passed_time":0.634525782,"remaining_time":0.009009493862},
{"learn":[76.35206118],"iteration":493,"passed_time":0.6356718322,"remaining_time":0.007720710513},
{"learn":[76.3400195],"iteration":494,"passed_time":0.6368182069,"remaining_time":0.00643250714},
{"learn":[76.32671247],"iteration":495,"passed_time":0.6380587302,"remaining_time":0.005145634921},
{"learn":[76.3125106],"iteration":496,"passed_time":0.639330366,"remaining_time":0.003859137018},
{"learn":[76.29254193],"iteration":497,"passed_time":0.6405678517,"remaining_time":0.002572561653},
{"learn":[76.27994736],"iteration":498,"passed_time":0.6417300846,"remaining_time":0.001286032234},
{"learn":[76.26301467],"iteration":499,"passed_time":0.6428694206,"remaining_time":0}
]}